index	species	id	date	coords	fossilCount	windCount	borderCount	hydroCount	distanceCount	nbirds_x	duration	continuity_%	flock
361	Whooping_Crane	B69316767177	1986-11-01	[[-113.25, 60.25000000000001], [-99.41, 34.41667]]	0	0	1	0	3041.6770296022924	1	38	34.21052631578947	1.0
362	Whooping_Crane	B69316767177	1986-12-01	[[-99.41, 34.41667], [-99.41, 34.41667]]	0	0	0	0	0.0	1	38	34.21052631578947	1.0
363	Whooping_Crane	B69316767177	1987-02-01	[[-99.41, 34.41667], [-98.91, 40.58333]]	0	0	0	0	687.1147151347533	1	38	34.21052631578947	1.0
364	Whooping_Crane	B69316767177	1987-03-01	[[-98.91, 40.58333], [-98.91, 40.58333]]	0	0	0	0	0.0	1	38	34.21052631578947	1.0
365	Whooping_Crane	B69316767177	1987-09-01	[[-98.91, 40.58333], [-104.75, 51.75000000000001]]	0	0	1	0	1319.5461521816724	1	38	34.21052631578947	1.0
366	Whooping_Crane	B69316767177	1987-10-01	[[-104.75, 51.75000000000001], [-96.75, 28.916670000000003]]	0	0	1	0	2624.183837724085	1	38	34.21052631578947	1.0
367	Whooping_Crane	B69316767177	1987-12-01	[[-96.75, 28.916670000000003], [-96.75, 28.916670000000003]]	0	0	0	0	0.0	1	38	34.21052631578947	1.0
368	Whooping_Crane	B69316767177	1988-02-01	[[-96.75, 28.916670000000003], [-98.58, 35.58333]]	0	0	0	0	760.9640268458517	1	38	34.21052631578947	1.0
369	Whooping_Crane	B69316767177	1988-03-01	[[-98.58, 35.58333], [-98.58, 40.75000000000001]]	0	0	0	0	574.5074916466426	1	38	34.21052631578947	1.0
370	Whooping_Crane	B69316767177	1989-02-01	[[-98.58, 40.75000000000001], [-98.75, 40.75000000000001]]	0	0	0	0	14.320352849145415	1	38	34.21052631578947	1.0
371	Whooping_Crane	B69316767177	1989-03-01	[[-98.75, 40.75000000000001], [-98.75, 40.75000000000001]]	0	0	0	0	0.0	1	38	34.21052631578947	1.0
372	Whooping_Crane	B69316767177	1989-12-01	[[-98.75, 40.75000000000001], [-96.75, 28.75]]	0	0	0	0	1346.680940111723	1	38	34.21052631578947	1.0
373	Whooping_Crane	B69316767177	1990-01-01	[[-96.75, 28.75], [-96.75, 28.75]]	0	0	0	0	0.0	1	38	34.21052631578947	1.0
453	Whooping_Crane	B39316767857	1988-03-01	[[-113.08, 60.25000000000001], [-102.08, 43.75]]	0	0	1	0	1977.088021345716	1	79	16.455696202531644	3.0
454	Whooping_Crane	B39316767857	1988-04-01	[[-102.08, 43.75], [-104.97156686428593, 47.124606987968406]]	0	0	1	0	437.7667165819955	1	79	16.455696202531644	3.0
455	Whooping_Crane	B39316767857	1989-03-01	[[-104.97156686428593, 47.124606987968406], [-102.25, 42.416669999999996]]	0	0	0	0	565.7749414306644	1	79	16.455696202531644	3.0
456	Whooping_Crane	B39316767857	1989-04-01	[[-102.25, 42.416669999999996], [-102.25, 42.416669999999996]]	0	0	0	0	0.0	1	79	16.455696202531644	3.0
457	Whooping_Crane	B39316767857	1990-03-01	[[-102.25, 42.416669999999996], [-106.08, 50.58333]]	0	0	1	0	953.8977898555673	1	79	16.455696202531644	3.0
458	Whooping_Crane	B39316767857	1990-04-01	[[-106.08, 50.58333], [-106.08, 50.58333]]	0	0	0	0	0.0	1	79	16.455696202531644	3.0
459	Whooping_Crane	B39316767857	1990-10-01	[[-106.08, 50.58333], [-98.58, 37.91667]]	0	0	1	0	1527.9971989382896	1	79	16.455696202531644	3.0
460	Whooping_Crane	B39316767857	1991-09-01	[[-98.58, 37.91667], [-106.41, 51.75000000000001]]	0	0	1	0	1655.1760361407653	1	79	16.455696202531644	3.0
461	Whooping_Crane	B39316767857	1993-09-01	[[-106.41, 51.75000000000001], [-99.75, 41.41667]]	0	0	1	0	1255.421431697429	1	79	16.455696202531644	3.0
462	Whooping_Crane	B39316767857	1993-10-01	[[-99.75, 41.41667], [-99.75, 41.41667]]	0	0	0	0	0.0	1	79	16.455696202531644	3.0
463	Whooping_Crane	B39316767857	1994-03-01	[[-99.75, 41.41667], [-99.75, 41.58333]]	0	0	0	0	18.531746474649598	1	79	16.455696202531644	3.0
464	Whooping_Crane	B39316767857	1994-09-01	[[-99.75, 41.58333], [-104.41, 48.41667]]	0	0	0	0	843.1612648737663	1	79	16.455696202531644	3.0
465	Whooping_Crane	B39316767857	1994-10-01	[[-104.41, 48.41667], [-99.75, 41.41667]]	0	0	0	0	860.1083563645207	1	79	16.455696202531644	3.0
584	Whooping_Crane	B99316767761	1989-03-01	[[-113.41, 60.25000000000001], [-99.75, 48.41667]]	0	0	1	0	1579.3006654652554	1	43	16.27906976744186	4.0
585	Whooping_Crane	B99316767761	1989-08-01	[[-99.75, 48.41667], [-105.25, 51.41667]]	0	0	1	0	515.844609795075	1	43	16.27906976744186	4.0
586	Whooping_Crane	B99316767761	1989-09-01	[[-105.25, 51.41667], [-105.25, 51.41667]]	0	0	0	0	0.0	1	43	16.27906976744186	4.0
587	Whooping_Crane	B99316767761	1991-03-01	[[-105.25, 51.41667], [-98.58, 38.25000000000001]]	0	0	1	0	1554.06886871792	1	43	16.27906976744186	4.0
588	Whooping_Crane	B99316767761	1991-09-01	[[-98.58, 38.25000000000001], [-105.2854510273464, 55.08435381482818]]	0	0	1	0	1938.3896413018392	1	43	16.27906976744186	4.0
589	Whooping_Crane	B99316767761	1992-09-01	[[-105.2854510273464, 55.08435381482818], [-103.08, 49.08333]]	0	0	0	0	683.9970833087116	1	43	16.27906976744186	4.0
590	Whooping_Crane	B99316767761	1992-10-01	[[-103.08, 49.08333], [-103.08, 49.08333]]	0	0	0	0	0.0	1	43	16.27906976744186	4.0
837	Whooping_Crane	1	1977-09-01	[[-113.40569189371833, 60.28016628698816], [-103.25440517490101, 48.60896792992581]]	0	0	1	0	1450.532227911171	103	410	29.51219512195122	2.0
838	Whooping_Crane	1	1977-10-01	[[-103.25440517490101, 48.60896792992581], [-97.30770048283146, 30.994432954448143]]	0	0	1	0	2021.8738030935954	103	410	29.51219512195122	2.0
839	Whooping_Crane	1	1978-03-01	[[-97.30770048283146, 30.994432954448143], [-100.34411765594749, 37.416696113256734]]	0	0	0	0	766.6431472364093	103	410	29.51219512195122	2.0
840	Whooping_Crane	1	1978-07-01	[[-100.34411765594749, 37.416696113256734], [-113.4483484718152, 60.267645558975445]]	0	0	1	0	2704.24325763687	103	410	29.51219512195122	2.0
841	Whooping_Crane	1	1978-08-01	[[-113.4483484718152, 60.267645558975445], [-109.58, 52.25]]	0	0	0	0	922.5817935366183	103	410	29.51219512195122	2.0
842	Whooping_Crane	1	1978-09-01	[[-109.58, 52.25], [-99.95822019821469, 38.96689812706757]]	0	0	1	0	1652.4768312058134	103	410	29.51219512195122	2.0
843	Whooping_Crane	1	1978-10-01	[[-99.95822019821469, 38.96689812706757], [-99.38235293555634, 41.58524629691944]]	0	0	0	0	295.2150962055408	103	410	29.51219512195122	2.0
844	Whooping_Crane	1	1979-03-01	[[-99.38235293555634, 41.58524629691944], [-104.41, 48.41667]]	0	0	0	0	855.8582175688887	103	410	29.51219512195122	2.0
845	Whooping_Crane	1	1979-07-01	[[-104.41, 48.41667], [-113.37266668650685, 60.25001721714117]]	0	0	1	0	1435.3916167485581	103	410	29.51219512195122	2.0
846	Whooping_Crane	1	1979-08-01	[[-113.37266668650685, 60.25001721714117], [-108.7729815569715, 49.161609546718374]]	0	0	1	0	1267.1274940907117	103	410	29.51219512195122	2.0
847	Whooping_Crane	1	1979-09-01	[[-108.7729815569715, 49.161609546718374], [-107.83, 52.42326081197087]]	0	0	0	0	368.67712127661184	103	410	29.51219512195122	2.0
848	Whooping_Crane	1	1979-10-01	[[-107.83, 52.42326081197087], [-98.25000000000001, 36.75]]	0	0	1	0	1896.8634436162927	103	410	29.51219512195122	2.0
849	Whooping_Crane	1	1980-04-01	[[-98.25000000000001, 36.75], [-99.25, 35.58333]]	0	0	0	0	157.75554337756978	103	410	29.51219512195122	2.0
850	Whooping_Crane	1	1980-07-01	[[-99.25, 35.58333], [-113.35810812411927, 60.25002109092034]]	0	0	1	0	2923.1002220034256	103	410	29.51219512195122	2.0
851	Whooping_Crane	1	1980-08-01	[[-113.35810812411927, 60.25002109092034], [-107.43881560083425, 53.063186809006666]]	0	0	0	0	876.3938316848977	103	410	29.51219512195122	2.0
852	Whooping_Crane	1	1980-09-01	[[-107.43881560083425, 53.063186809006666], [-105.65747157324607, 51.542429175976764]]	0	0	1	0	207.98908060777967	103	410	29.51219512195122	2.0
853	Whooping_Crane	1	1981-08-01	[[-105.65747157324607, 51.542429175976764], [-109.41, 52.58333]]	0	0	0	0	281.3881649738618	103	410	29.51219512195122	2.0
854	Whooping_Crane	1	1981-09-01	[[-109.41, 52.58333], [-107.45897115097212, 51.90674400916009]]	0	0	1	0	152.65008019875953	103	410	29.51219512195122	2.0
855	Whooping_Crane	1	1982-07-01	[[-107.45897115097212, 51.90674400916009], [-112.96581712383207, 60.108281893164865]]	0	0	0	0	973.2957230050635	103	410	29.51219512195122	2.0
856	Whooping_Crane	1	1982-08-01	[[-112.96581712383207, 60.108281893164865], [-107.03613509977069, 52.02774111948319]]	0	0	1	0	970.0495388345824	103	410	29.51219512195122	2.0
857	Whooping_Crane	1	1982-09-01	[[-107.03613509977069, 52.02774111948319], [-105.43155268785574, 51.19837138019152]]	0	0	1	0	144.14738075375905	103	410	29.51219512195122	2.0
858	Whooping_Crane	1	1982-10-01	[[-105.43155268785574, 51.19837138019152], [-98.43737392215338, 37.74686593311059]]	0	0	1	0	1593.5846669315715	103	410	29.51219512195122	2.0
859	Whooping_Crane	1	1983-03-01	[[-98.43737392215338, 37.74686593311059], [-101.0203015929136, 42.14523289711052]]	0	0	1	0	536.2843799221588	103	410	29.51219512195122	2.0
860	Whooping_Crane	1	1983-04-01	[[-101.0203015929136, 42.14523289711052], [-107.6421568939365, 52.97737962569202]]	0	0	1	0	1301.5825902992246	103	410	29.51219512195122	2.0
861	Whooping_Crane	1	1983-07-01	[[-107.6421568939365, 52.97737962569202], [-113.39794358642217, 60.23750647140967]]	0	0	1	0	880.0041205501274	103	410	29.51219512195122	2.0
862	Whooping_Crane	1	1983-08-01	[[-113.39794358642217, 60.23750647140967], [-107.94452909154381, 53.88191310163051]]	0	0	1	0	779.2284915906237	103	410	29.51219512195122	2.0
863	Whooping_Crane	1	1983-09-01	[[-107.94452909154381, 53.88191310163051], [-100.27816979630116, 40.82221807343016]]	0	0	1	0	1560.6113113297447	103	410	29.51219512195122	2.0
864	Whooping_Crane	1	1983-10-01	[[-100.27816979630116, 40.82221807343016], [-102.81987535765086, 48.34424701906772]]	0	0	1	0	860.1582342760253	103	410	29.51219512195122	2.0
865	Whooping_Crane	1	1984-03-01	[[-102.81987535765086, 48.34424701906772], [-99.09895571434532, 36.820607824439186]]	0	0	1	0	1316.660309278516	103	410	29.51219512195122	2.0
866	Whooping_Crane	1	1984-04-01	[[-99.09895571434532, 36.820607824439186], [-102.45834853037003, 46.18827613570024]]	0	0	1	0	1078.273692514026	103	410	29.51219512195122	2.0
867	Whooping_Crane	1	1984-07-01	[[-102.45834853037003, 46.18827613570024], [-113.32273989832564, 60.15933581406145]]	0	0	1	0	1708.8474156403086	103	410	29.51219512195122	2.0
868	Whooping_Crane	1	1984-09-01	[[-113.32273989832564, 60.15933581406145], [-101.66685671706624, 44.39258629811151]]	0	0	1	0	1917.6012733457517	103	410	29.51219512195122	2.0
869	Whooping_Crane	1	1984-10-01	[[-101.66685671706624, 44.39258629811151], [-99.61670848599589, 42.27071448966834]]	0	0	0	0	288.36099062297905	103	410	29.51219512195122	2.0
870	Whooping_Crane	1	1984-11-01	[[-99.61670848599589, 42.27071448966834], [-96.25, 29.083330000000004]]	0	0	0	0	1497.2196394293903	103	410	29.51219512195122	2.0
871	Whooping_Crane	1	1985-03-01	[[-96.25, 29.083330000000004], [-99.44790835635787, 41.52228671223109]]	0	0	1	0	1412.9683922627767	103	410	29.51219512195122	2.0
872	Whooping_Crane	1	1985-07-01	[[-99.44790835635787, 41.52228671223109], [-113.26125175907116, 60.237581181588865]]	0	0	1	0	2284.8808825418196	103	410	29.51219512195122	2.0
873	Whooping_Crane	1	1985-08-01	[[-113.26125175907116, 60.237581181588865], [-107.41, 52.41667]]	0	0	0	0	940.622420044211	103	410	29.51219512195122	2.0
874	Whooping_Crane	1	1985-09-01	[[-107.41, 52.41667], [-101.09773257557342, 46.54339045050322]]	1	0	1	0	795.8780988258799	103	410	29.51219512195122	2.0
875	Whooping_Crane	1	1985-11-01	[[-101.09773257557342, 46.54339045050322], [-95.41, 28.916670000000003]]	4	0	0	0	2021.4315511576067	103	410	29.51219512195122	2.0
876	Whooping_Crane	1	1986-02-01	[[-95.41, 28.916670000000003], [-95.41, 28.916670000000003]]	0	0	0	0	0.0	103	410	29.51219512195122	2.0
877	Whooping_Crane	1	1986-03-01	[[-95.41, 28.916670000000003], [-100.54221687676424, 42.3889199279704]]	4	0	1	0	1567.352003454777	103	410	29.51219512195122	2.0
878	Whooping_Crane	1	1986-04-01	[[-100.54221687676424, 42.3889199279704], [-113.41, 60.083330000000004]]	0	0	1	0	2153.0031896847972	103	410	29.51219512195122	2.0
879	Whooping_Crane	1	1986-07-01	[[-113.41, 60.083330000000004], [-112.58854345784493, 59.54411611089029]]	0	0	0	0	75.52568655245645	103	410	29.51219512195122	2.0
880	Whooping_Crane	1	1986-08-01	[[-112.58854345784493, 59.54411611089029], [-104.9513098154153, 51.38358618249918]]	0	0	0	0	1025.7060402058203	103	410	29.51219512195122	2.0
881	Whooping_Crane	1	1986-09-01	[[-104.9513098154153, 51.38358618249918], [-101.56815784221732, 45.65156913709854]]	0	0	1	0	684.1593358349676	103	410	29.51219512195122	2.0
882	Whooping_Crane	1	1986-10-01	[[-101.56815784221732, 45.65156913709854], [-98.68556932173605, 38.42264969671157]]	0	0	1	0	838.1730179658497	103	410	29.51219512195122	2.0
883	Whooping_Crane	1	1986-11-01	[[-98.68556932173605, 38.42264969671157], [-99.41, 34.41667]]	0	0	0	0	450.1311374696044	103	410	29.51219512195122	2.0
884	Whooping_Crane	1	1986-12-01	[[-99.41, 34.41667], [-99.41, 34.41667]]	0	0	0	0	0.0	103	410	29.51219512195122	2.0
885	Whooping_Crane	1	1987-02-01	[[-99.41, 34.41667], [-98.91, 40.58333]]	0	0	0	0	687.1147151347533	103	410	29.51219512195122	2.0
886	Whooping_Crane	1	1987-03-01	[[-98.91, 40.58333], [-100.25483308080642, 40.44780656189579]]	0	0	1	0	114.67691973219749	103	410	29.51219512195122	2.0
887	Whooping_Crane	1	1987-04-01	[[-100.25483308080642, 40.44780656189579], [-105.75, 50.58333]]	0	0	1	0	1204.7627353409723	103	410	29.51219512195122	2.0
888	Whooping_Crane	1	1987-07-01	[[-105.75, 50.58333], [-113.19759406968134, 60.23661082120716]]	0	0	0	0	1170.1133046858247	103	410	29.51219512195122	2.0
889	Whooping_Crane	1	1987-08-01	[[-113.19759406968134, 60.23661082120716], [-107.41, 52.41667]]	0	0	0	0	939.0461424439093	103	410	29.51219512195122	2.0
890	Whooping_Crane	1	1987-09-01	[[-107.41, 52.41667], [-100.04864581784062, 42.159884699371254]]	0	0	1	0	1266.9118622123644	103	410	29.51219512195122	2.0
891	Whooping_Crane	1	1987-10-01	[[-100.04864581784062, 42.159884699371254], [-100.28869585803106, 42.50075340746109]]	0	0	1	0	42.73188376452209	103	410	29.51219512195122	2.0
892	Whooping_Crane	1	1987-11-01	[[-100.28869585803106, 42.50075340746109], [-99.20848673226237, 38.77142354136407]]	0	0	0	0	424.5708082628525	103	410	29.51219512195122	2.0
893	Whooping_Crane	1	1987-12-01	[[-99.20848673226237, 38.77142354136407], [-96.75, 28.916670000000003]]	0	0	0	0	1118.9391973992285	103	410	29.51219512195122	2.0
894	Whooping_Crane	1	1988-02-01	[[-96.75, 28.916670000000003], [-101.82175777126382, 39.24905968839214]]	0	0	0	0	1239.640178825735	103	410	29.51219512195122	2.0
895	Whooping_Crane	1	1988-03-01	[[-101.82175777126382, 39.24905968839214], [-103.39218204666143, 47.40815930856671]]	0	0	1	0	916.044994837861	103	410	29.51219512195122	2.0
896	Whooping_Crane	1	1988-04-01	[[-103.39218204666143, 47.40815930856671], [-105.27452009640396, 47.8540923790065]]	0	0	1	0	149.50887991587885	103	410	29.51219512195122	2.0
897	Whooping_Crane	1	1988-07-01	[[-105.27452009640396, 47.8540923790065], [-113.25345534264932, 60.23404699559843]]	0	0	1	0	1469.3505043062912	103	410	29.51219512195122	2.0
898	Whooping_Crane	1	1988-12-01	[[-113.25345534264932, 60.23404699559843], [-97.08, 27.91667]]	1	0	1	0	3795.410429706463	103	410	29.51219512195122	2.0
899	Whooping_Crane	1	1989-02-01	[[-97.08, 27.91667], [-98.75, 40.75000000000001]]	1	0	0	0	1435.13380561823	103	410	29.51219512195122	2.0
900	Whooping_Crane	1	1989-03-01	[[-98.75, 40.75000000000001], [-100.26848950206269, 42.93019442358275]]	0	0	1	0	273.10757683879973	103	410	29.51219512195122	2.0
901	Whooping_Crane	1	1989-04-01	[[-100.26848950206269, 42.93019442358275], [-104.52322378053073, 48.29868632019637]]	0	0	1	0	682.2794397207277	103	410	29.51219512195122	2.0
902	Whooping_Crane	1	1989-05-01	[[-104.52322378053073, 48.29868632019637], [-104.73994577087282, 49.70540306710268]]	0	0	1	0	157.21645868673335	103	410	29.51219512195122	2.0
903	Whooping_Crane	1	1989-06-01	[[-104.73994577087282, 49.70540306710268], [-105.53065996719752, 51.52930383143735]]	0	0	1	0	210.3378931833405	103	410	29.51219512195122	2.0
904	Whooping_Crane	1	1989-07-01	[[-105.53065996719752, 51.52930383143735], [-101.25, 47.833335000000005]]	0	0	1	0	513.3773457455109	103	410	29.51219512195122	2.0
905	Whooping_Crane	1	1989-08-01	[[-101.25, 47.833335000000005], [-106.3598724420168, 52.08555205575723]]	0	0	1	0	597.3317262983788	103	410	29.51219512195122	2.0
906	Whooping_Crane	1	1989-09-01	[[-106.3598724420168, 52.08555205575723], [-105.85741451916077, 51.61430108457386]]	0	0	1	0	62.74485072297942	103	410	29.51219512195122	2.0
907	Whooping_Crane	1	1989-10-01	[[-105.85741451916077, 51.61430108457386], [-98.53838236730483, 39.47471857769123]]	0	0	1	0	1463.4728918450332	103	410	29.51219512195122	2.0
908	Whooping_Crane	1	1989-12-01	[[-98.53838236730483, 39.47471857769123], [-96.75, 28.75]]	0	0	0	0	1203.7675403066958	103	410	29.51219512195122	2.0
909	Whooping_Crane	1	1990-01-01	[[-96.75, 28.75], [-96.75, 28.75]]	0	0	0	0	0.0	103	410	29.51219512195122	2.0
910	Whooping_Crane	1	1990-03-01	[[-96.75, 28.75], [-103.67805765073525, 47.34849069688964]]	0	0	1	0	2153.0177094658334	103	410	29.51219512195122	2.0
911	Whooping_Crane	1	1990-04-01	[[-103.67805765073525, 47.34849069688964], [-104.86099402788196, 49.988812390441915]]	0	0	1	0	306.1613268123808	103	410	29.51219512195122	2.0
912	Whooping_Crane	1	1990-05-01	[[-104.86099402788196, 49.988812390441915], [-100.41, 48.416669999999996]]	0	0	1	0	367.5191935947661	103	410	29.51219512195122	2.0
913	Whooping_Crane	1	1990-06-01	[[-100.41, 48.416669999999996], [-100.25, 48.416669999999996]]	0	0	0	0	11.808162781806832	103	410	29.51219512195122	2.0
914	Whooping_Crane	1	1990-07-01	[[-100.25, 48.416669999999996], [-100.25, 48.416669999999996]]	0	0	0	0	0.0	103	410	29.51219512195122	2.0
915	Whooping_Crane	1	1990-08-01	[[-100.25, 48.416669999999996], [-105.75607497390419, 51.31298397386518]]	0	0	1	0	509.14198303058885	103	410	29.51219512195122	2.0
916	Whooping_Crane	1	1990-09-01	[[-105.75607497390419, 51.31298397386518], [-104.84810216079146, 51.05160282397805]]	0	0	1	0	69.64154463773536	103	410	29.51219512195122	2.0
917	Whooping_Crane	1	1990-10-01	[[-104.84810216079146, 51.05160282397805], [-99.90681274603261, 37.855873778317836]]	0	0	1	0	1517.9223131808371	103	410	29.51219512195122	2.0
918	Whooping_Crane	1	1991-03-01	[[-99.90681274603261, 37.855873778317836], [-99.66461443281135, 42.12860770717912]]	0	0	0	0	475.5534995070864	103	410	29.51219512195122	2.0
919	Whooping_Crane	1	1991-08-01	[[-99.66461443281135, 42.12860770717912], [-107.57454432680271, 52.56054570600931]]	0	0	1	0	1302.2923484936027	103	410	29.51219512195122	2.0
920	Whooping_Crane	1	1991-09-01	[[-107.57454432680271, 52.56054570600931], [-103.96766023832345, 50.34787160786997]]	0	0	1	0	350.62543249558695	103	410	29.51219512195122	2.0
921	Whooping_Crane	1	1991-10-01	[[-103.96766023832345, 50.34787160786997], [-96.58, 36.25]]	0	0	1	0	1675.7000271518261	103	410	29.51219512195122	2.0
922	Whooping_Crane	1	1992-03-01	[[-96.58, 36.25], [-101.01762763715014, 43.38621912738295]]	1	0	1	0	879.0340416442558	103	410	29.51219512195122	2.0
923	Whooping_Crane	1	1992-09-01	[[-101.01762763715014, 43.38621912738295], [-100.13330795393391, 43.270353416209296]]	0	0	1	0	72.68059243607297	103	410	29.51219512195122	2.0
924	Whooping_Crane	1	1992-10-01	[[-100.13330795393391, 43.270353416209296], [-101.10299730874146, 44.808486633691054]]	0	0	1	0	187.77288297599705	103	410	29.51219512195122	2.0
925	Whooping_Crane	1	1993-03-01	[[-101.10299730874146, 44.808486633691054], [-99.87584555318902, 42.26882344228664]]	0	0	0	0	299.2101688154432	103	410	29.51219512195122	2.0
926	Whooping_Crane	1	1993-09-01	[[-99.87584555318902, 42.26882344228664], [-99.60609514568407, 40.87812525007516]]	0	0	1	0	156.2579005610068	103	410	29.51219512195122	2.0
927	Whooping_Crane	1	1993-10-01	[[-99.60609514568407, 40.87812525007516], [-99.75, 41.41667]]	0	0	0	0	61.083648361729836	103	410	29.51219512195122	2.0
928	Whooping_Crane	1	1994-03-01	[[-99.75, 41.41667], [-99.33653292787407, 41.50135470990257]]	0	0	0	0	35.71888973423772	103	410	29.51219512195122	2.0
929	Whooping_Crane	1	1994-04-01	[[-99.33653292787407, 41.50135470990257], [-101.86373156181529, 47.39890056168208]]	2	0	0	0	685.6704010191094	103	410	29.51219512195122	2.0
930	Whooping_Crane	1	1994-08-01	[[-101.86373156181529, 47.39890056168208], [-107.08000000000001, 52.75]]	1	0	1	0	701.4464067026039	103	410	29.51219512195122	2.0
931	Whooping_Crane	1	1994-09-01	[[-107.08000000000001, 52.75], [-106.63428026333412, 52.08487137797653]]	0	0	1	0	79.89734310180141	103	410	29.51219512195122	2.0
932	Whooping_Crane	1	1994-10-01	[[-106.63428026333412, 52.08487137797653], [-99.0845938955642, 39.8398557094973]]	0	0	1	0	1479.4318844186173	103	410	29.51219512195122	2.0
933	Whooping_Crane	1	1995-03-01	[[-99.0845938955642, 39.8398557094973], [-99.75, 37.75000000000001]]	0	0	0	0	239.42743156247974	103	410	29.51219512195122	2.0
934	Whooping_Crane	1	1995-04-01	[[-99.75, 37.75000000000001], [-99.58, 43.91667]]	0	0	0	0	685.8510949749461	103	410	29.51219512195122	2.0
935	Whooping_Crane	1	1995-09-01	[[-99.58, 43.91667], [-98.76678453705343, 38.668883383268486]]	0	0	0	0	587.4600258192186	103	410	29.51219512195122	2.0
936	Whooping_Crane	1	1996-03-01	[[-98.76678453705343, 38.668883383268486], [-99.34287227801714, 41.96728095260087]]	0	0	0	0	370.00008983541727	103	410	29.51219512195122	2.0
937	Whooping_Crane	1	1996-08-01	[[-99.34287227801714, 41.96728095260087], [-107.41, 52.41667000000001]]	0	0	1	0	1310.212560682332	103	410	29.51219512195122	2.0
938	Whooping_Crane	1	1996-09-01	[[-107.41, 52.41667000000001], [-103.4785867124134, 47.42410132907529]]	0	0	1	0	622.1973378050698	103	410	29.51219512195122	2.0
939	Whooping_Crane	1	1997-03-01	[[-103.4785867124134, 47.42410132907529], [-99.24361363893749, 42.25070629026784]]	0	0	1	0	664.905276701367	103	410	29.51219512195122	2.0
940	Whooping_Crane	1	1997-09-01	[[-99.24361363893749, 42.25070629026784], [-96.09961212052788, 45.21711123195271]]	0	0	1	0	415.38932723233	103	410	29.51219512195122	2.0
941	Whooping_Crane	1	1997-10-01	[[-96.09961212052788, 45.21711123195271], [-104.00376520086508, 49.524202926457164]]	0	0	1	0	763.2941152663478	103	410	29.51219512195122	2.0
942	Whooping_Crane	1	1998-09-01	[[-104.00376520086508, 49.524202926457164], [-104.68490718646498, 50.33886742415703]]	0	0	0	0	102.87188394629717	103	410	29.51219512195122	2.0
943	Whooping_Crane	1	1998-10-01	[[-104.68490718646498, 50.33886742415703], [-103.41, 48.74999999999999]]	0	0	1	0	199.17784856010454	103	410	29.51219512195122	2.0
944	Whooping_Crane	1	1998-11-01	[[-103.41, 48.74999999999999], [-98.41, 38.08333]]	0	0	0	0	1252.2329433720765	103	410	29.51219512195122	2.0
945	Whooping_Crane	1	1999-03-01	[[-98.41, 38.08333], [-99.45854863607346, 43.180983596619086]]	0	0	1	0	573.6832964718748	103	410	29.51219512195122	2.0
946	Whooping_Crane	1	1999-09-01	[[-99.45854863607346, 43.180983596619086], [-107.14132023935466, 52.75011310485756]]	0	0	1	0	1206.4531355011868	103	410	29.51219512195122	2.0
947	Whooping_Crane	1	1999-10-01	[[-107.14132023935466, 52.75011310485756], [-103.08, 48.583330000000004]]	0	0	1	0	544.4112095112393	103	410	29.51219512195122	2.0
948	Whooping_Crane	1	2000-03-01	[[-103.08, 48.583330000000004], [-101.75, 47.916669999999996]]	0	0	0	0	123.25601246904749	103	410	29.51219512195122	2.0
949	Whooping_Crane	1	2002-03-01	[[-101.75, 47.916669999999996], [-100.89692238556613, 43.57439382676523]]	0	0	0	0	487.3466416002043	103	410	29.51219512195122	2.0
950	Whooping_Crane	1	2002-09-01	[[-100.89692238556613, 43.57439382676523], [-99.41, 41.58332999999999]]	0	0	0	0	252.65149508931077	103	410	29.51219512195122	2.0
951	Whooping_Crane	1	2002-10-01	[[-99.41, 41.58332999999999], [-99.41, 41.58332999999999]]	0	0	0	0	0.0	103	410	29.51219512195122	2.0
952	Whooping_Crane	1	2003-03-01	[[-99.41, 41.58332999999999], [-98.58, 37.75000000000001]]	0	0	0	0	432.1200728907695	103	410	29.51219512195122	2.0
953	Whooping_Crane	1	2003-10-01	[[-98.58, 37.75000000000001], [-98.79501646213774, 36.90749562780932]]	0	0	0	0	95.59171402356387	103	410	29.51219512195122	2.0
954	Whooping_Crane	1	2004-03-01	[[-98.79501646213774, 36.90749562780932], [-101.61530833314062, 45.875731395597214]]	0	0	0	0	1024.412508507723	103	410	29.51219512195122	2.0
955	Whooping_Crane	1	2004-10-01	[[-101.61530833314062, 45.875731395597214], [-103.08, 48.916669999999996]]	0	0	0	0	355.6373569983162	103	410	29.51219512195122	2.0
956	Whooping_Crane	1	2005-09-01	[[-103.08, 48.916669999999996], [-105.75, 52.25]]	0	0	1	0	415.76364822086185	103	410	29.51219512195122	2.0
957	Whooping_Crane	1	2011-11-01	[[-105.75, 52.25], [-96.91, 28.25]]	0	7	1	0	2767.3109461203567	103	410	29.51219512195122	2.0
1031	Whooping_Crane	2	2015-07-01	[[-92.58, 29.750000000000007], [-92.75, 30.25]]	0	0	0	0	57.95749247106808	15	89	15.730337078651685	5.0
1032	Whooping_Crane	2	2015-08-01	[[-92.75, 30.25], [-92.75, 30.25]]	0	0	0	0	0.0	15	89	15.730337078651685	5.0
1033	Whooping_Crane	2	2015-12-01	[[-92.75, 30.25], [-94.42, 30.03577]]	0	0	0	0	162.34061415585597	15	89	15.730337078651685	5.0
1034	Whooping_Crane	2	2016-01-01	[[-94.42, 30.03577], [-92.91, 30.416669999999996]]	2	0	0	0	151.1313778764081	15	89	15.730337078651685	5.0
1035	Whooping_Crane	2	2016-11-01	[[-92.91, 30.416669999999996], [-92.75, 29.75]]	0	0	0	0	75.71192078654093	15	89	15.730337078651685	5.0
1036	Whooping_Crane	2	2017-03-01	[[-92.75, 29.75], [-92.75, 30.416669999999996]]	0	0	0	0	74.13032174612272	15	89	15.730337078651685	5.0
1037	Whooping_Crane	2	2017-04-01	[[-92.75, 30.416669999999996], [-92.75, 30.416669999999996]]	0	0	0	0	0.0	15	89	15.730337078651685	5.0
1038	Whooping_Crane	2	2017-07-01	[[-92.75, 30.416669999999996], [-94.25, 29.75]]	0	0	0	0	162.24746153854335	15	89	15.730337078651685	5.0
1039	Whooping_Crane	2	2017-11-01	[[-94.25, 29.75], [-93.58000000000001, 30.083330000000004]]	0	0	0	0	74.45461498064692	15	89	15.730337078651685	5.0
1040	Whooping_Crane	2	2019-06-01	[[-93.58000000000001, 30.083330000000004], [-94.41, 29.916670000000003]]	0	0	0	0	82.04705627183866	15	89	15.730337078651685	5.0
1041	Whooping_Crane	2	2021-02-01	[[-94.41, 29.916670000000003], [-92.58, 29.916670000000003]]	0	0	0	0	176.37058764223661	15	89	15.730337078651685	5.0
1042	Whooping_Crane	2	2021-04-01	[[-92.58, 29.916670000000003], [-92.58, 29.916670000000003]]	0	0	0	0	0.0	15	89	15.730337078651685	5.0
1043	Whooping_Crane	2	2021-10-01	[[-92.58, 29.916670000000003], [-92.58, 29.75]]	0	0	0	0	18.532858423879695	15	89	15.730337078651685	5.0
1044	Whooping_Crane	2	2022-12-01	[[-92.58, 29.75], [-93.08, 30.083330000000004]]	0	0	0	0	60.79446465397307	15	89	15.730337078651685	5.0
1149	Golden_eagle	B99466713041	1977-10-01	[[-116.91000000000001, 43.58333], [-116.08000000000001, 42.91667]]	0	0	0	0	100.06898783963163	1	38	10.526315789473685	1.0
1150	Golden_eagle	B99466713041	1977-12-01	[[-116.08000000000001, 42.91667], [-116.08000000000001, 42.91667]]	0	0	0	0	0.0	1	38	10.526315789473685	1.0
1151	Golden_eagle	B99466713041	1980-02-01	[[-116.08000000000001, 42.91667], [-116.08000000000001, 42.91667]]	0	0	0	0	0.0	1	38	10.526315789473685	1.0
1152	Golden_eagle	B99466713041	1980-12-01	[[-116.08000000000001, 42.91667], [-116.08000000000001, 42.91667]]	0	0	0	0	0.0	1	38	10.526315789473685	1.0
3456	Blue_Heron	19	1968-06-01	[[-121.75000000000001, 41.91667], [-122.75, 42.58333]]	0	0	0	0	110.76771017040743	6	44	11.363636363636363	4.0
3457	Blue_Heron	19	1968-09-01	[[-122.75, 42.58333], [-120.58000000000001, 36.91667]]	0	0	0	0	656.7793309010231	6	44	11.363636363636363	4.0
3458	Blue_Heron	19	1969-04-01	[[-120.58000000000001, 36.91667], [-119.75, 39.08333]]	0	0	0	0	251.65572263123875	6	44	11.363636363636363	4.0
3459	Blue_Heron	19	1970-08-01	[[-119.75, 39.08333], [-117.25000000000001, 32.75000000000001]]	0	0	0	0	739.2532206103161	6	44	11.363636363636363	4.0
3460	Blue_Heron	19	1972-02-01	[[-117.25000000000001, 32.75000000000001], [-120.41, 37.75]]	0	0	0	0	625.5473655312674	6	44	11.363636363636363	4.0
3498	Blue_Heron	6	1971-07-01	[[-122.75, 49.25], [-121.75000000000001, 48.583330000000004]]	0	0	1	0	104.08894159569044	10	65	10.76923076923077	5.0
3499	Blue_Heron	6	1971-08-01	[[-121.75000000000001, 48.583330000000004], [-122.82929729495575, 49.00076220289545]]	0	0	1	0	91.68021559269647	10	65	10.76923076923077	5.0
3500	Blue_Heron	6	1971-11-01	[[-122.82929729495575, 49.00076220289545], [-123.07669549585124, 48.50194408484823]]	0	0	1	0	58.356225235294325	10	65	10.76923076923077	5.0
3501	Blue_Heron	6	1972-03-01	[[-123.07669549585124, 48.50194408484823], [-122.75, 49.25000000000001]]	0	0	0	0	86.54303408781372	10	65	10.76923076923077	5.0
3502	Blue_Heron	6	1972-06-01	[[-122.75, 49.25000000000001], [-123.75000000000001, 46.25]]	0	0	1	0	341.8514717218963	10	65	10.76923076923077	5.0
3503	Blue_Heron	6	1973-03-01	[[-123.75000000000001, 46.25], [-122.75, 49.25000000000001]]	0	0	1	0	341.8514717218963	10	65	10.76923076923077	5.0
3504	Blue_Heron	6	1976-12-01	[[-122.75, 49.25000000000001], [-123.08, 49.24999999999999]]	0	0	0	0	23.95256002077993	10	65	10.76923076923077	5.0
3565	Blue_Heron	1	1975-09-01	[[-82.91, 41.41667000000001], [-84.91, 43.08333]]	3	0	0	0	247.86267908123511	100	134	33.582089552238806	1.0
3566	Blue_Heron	1	1975-12-01	[[-84.91, 43.08333], [-85.09731064200884, 37.501052417224194]]	1	0	0	0	620.9237065683711	100	134	33.582089552238806	1.0
3567	Blue_Heron	1	1976-01-01	[[-85.09731064200884, 37.501052417224194], [-77.58, 18.41667]]	0	0	1	0	2244.738778678928	100	134	33.582089552238806	1.0
3568	Blue_Heron	1	1976-03-01	[[-77.58, 18.41667], [-82.58, 36.25]]	0	0	1	0	2042.6780453478366	100	134	33.582089552238806	1.0
3569	Blue_Heron	1	1976-04-01	[[-82.58, 36.25], [-82.91, 41.41667]]	0	0	0	0	575.2167118632149	100	134	33.582089552238806	1.0
3570	Blue_Heron	1	1976-06-01	[[-82.91, 41.41667], [-83.58, 42.91667]]	0	0	0	0	175.69369642015133	100	134	33.582089552238806	1.0
3571	Blue_Heron	1	1976-07-01	[[-83.58, 42.91667], [-84.41000000000001, 40.58333]]	0	0	0	0	268.43237807312295	100	134	33.582089552238806	1.0
3572	Blue_Heron	1	1976-08-01	[[-84.41000000000001, 40.58333], [-82.91586181743222, 41.91678310106725]]	0	0	1	0	193.86848998123793	100	134	33.582089552238806	1.0
3573	Blue_Heron	1	1976-09-01	[[-82.91586181743222, 41.91678310106725], [-83.38603260060363, 39.70929675213745]]	0	0	0	0	248.6287745382403	100	134	33.582089552238806	1.0
3574	Blue_Heron	1	1976-10-01	[[-83.38603260060363, 39.70929675213745], [-90.58, 33.41667]]	0	0	0	0	949.2706382121252	100	134	33.582089552238806	1.0
3575	Blue_Heron	1	1976-11-01	[[-90.58, 33.41667], [-85.58, 41.58333]]	1	0	0	0	1009.0722575201769	100	134	33.582089552238806	1.0
3576	Blue_Heron	1	1976-12-01	[[-85.58, 41.58333], [-87.93524945531763, 37.91659931694234]]	1	0	0	0	454.6816781893836	100	134	33.582089552238806	1.0
3577	Blue_Heron	1	1977-03-01	[[-87.93524945531763, 37.91659931694234], [-80.91, 26.75]]	0	0	0	0	1405.0664234487863	100	134	33.582089552238806	1.0
3578	Blue_Heron	1	1977-04-01	[[-80.91, 26.75], [-82.91, 41.41667000000003]]	0	0	0	0	1641.0926405544076	100	134	33.582089552238806	1.0
3579	Blue_Heron	1	1977-05-01	[[-82.91, 41.41667000000003], [-83.03910851257048, 41.031471610234824]]	0	0	0	0	44.17218063225485	100	134	33.582089552238806	1.0
3580	Blue_Heron	1	1977-06-01	[[-83.03910851257048, 41.031471610234824], [-83.25, 42.08333]]	0	0	0	0	118.27017602995302	100	134	33.582089552238806	1.0
3581	Blue_Heron	1	1977-07-01	[[-83.25, 42.08333], [-85.2358292883015, 39.89815201532465]]	3	0	0	0	294.6313589940129	100	134	33.582089552238806	1.0
3582	Blue_Heron	1	1977-08-01	[[-85.2358292883015, 39.89815201532465], [-83.33059693259722, 40.323759106236984]]	0	0	0	0	168.79021551553492	100	134	33.582089552238806	1.0
3583	Blue_Heron	1	1977-09-01	[[-83.33059693259722, 40.323759106236984], [-84.67484788938518, 34.94072433421611]]	9	0	0	0	610.1353991610102	100	134	33.582089552238806	1.0
3584	Blue_Heron	1	1977-10-01	[[-84.67484788938518, 34.94072433421611], [-81.07497693531465, 31.80317881203232]]	0	0	1	0	483.10348560103586	100	134	33.582089552238806	1.0
3585	Blue_Heron	1	1977-11-01	[[-81.07497693531465, 31.80317881203232], [-83.22130073128207, 34.72637008163233]]	0	0	0	0	381.3849230520527	100	134	33.582089552238806	1.0
3586	Blue_Heron	1	1977-12-01	[[-83.22130073128207, 34.72637008163233], [-83.41530910609154, 33.51474131880487]]	0	0	0	0	135.90540587845186	100	134	33.582089552238806	1.0
3587	Blue_Heron	1	1978-01-01	[[-83.41530910609154, 33.51474131880487], [-84.25956507901084, 32.54858468487689]]	0	0	0	0	133.17455857718758	100	134	33.582089552238806	1.0
3588	Blue_Heron	1	1978-02-01	[[-84.25956507901084, 32.54858468487689], [-85.25, 32.08333]]	0	0	0	0	106.48426381581486	100	134	33.582089552238806	1.0
3589	Blue_Heron	1	1978-03-01	[[-85.25, 32.08333], [-85.34436593843945, 36.8561273400762]]	0	0	0	0	530.7812512221612	100	134	33.582089552238806	1.0
3590	Blue_Heron	1	1978-04-01	[[-85.34436593843945, 36.8561273400762], [-83.16366521627675, 41.455686103924705]]	0	0	0	0	544.862308552063	100	134	33.582089552238806	1.0
3591	Blue_Heron	1	1978-05-01	[[-83.16366521627675, 41.455686103924705], [-86.08, 39.75]]	0	0	0	0	310.75782397091984	100	134	33.582089552238806	1.0
3592	Blue_Heron	1	1978-06-01	[[-86.08, 39.75], [-82.91, 41.41667000000001]]	0	0	0	0	325.55365340809766	100	134	33.582089552238806	1.0
3593	Blue_Heron	1	1978-09-01	[[-82.91, 41.41667000000001], [-80.08000000000001, 26.083329999999997]]	0	0	0	0	1724.6696620628989	100	134	33.582089552238806	1.0
3594	Blue_Heron	1	1978-10-01	[[-80.08000000000001, 26.083329999999997], [-84.25, 30.91667]]	0	0	0	0	674.308974732241	100	134	33.582089552238806	1.0
3595	Blue_Heron	1	1978-11-01	[[-84.25, 30.91667], [-83.91, 35.91667]]	0	0	0	0	556.8681552881451	100	134	33.582089552238806	1.0
3596	Blue_Heron	1	1978-12-01	[[-83.91, 35.91667], [-80.25, 26.25]]	0	0	0	0	1129.7089308597908	100	134	33.582089552238806	1.0
3597	Blue_Heron	1	1979-01-01	[[-80.25, 26.25], [-83.08, 40.08333]]	0	0	0	0	1560.3393466277842	100	134	33.582089552238806	1.0
3598	Blue_Heron	1	1979-04-01	[[-83.08, 40.08333], [-82.91, 41.41667000000001]]	0	0	0	0	148.95053220873834	100	134	33.582089552238806	1.0
3599	Blue_Heron	1	1979-05-01	[[-82.91, 41.41667000000001], [-82.91, 41.41667000000001]]	0	0	0	0	0.0	100	134	33.582089552238806	1.0
3600	Blue_Heron	1	1979-06-01	[[-82.91, 41.41667000000001], [-83.58, 41.75]]	0	0	0	0	66.92610651199216	100	134	33.582089552238806	1.0
3601	Blue_Heron	1	1979-10-01	[[-83.58, 41.75], [-82.75, 41.58333]]	0	0	0	0	71.39140582809956	100	134	33.582089552238806	1.0
3602	Blue_Heron	1	1980-03-01	[[-82.75, 41.58333], [-81.41, 42.74999999999999]]	0	0	1	0	170.36536972745853	100	134	33.582089552238806	1.0
3603	Blue_Heron	1	1980-05-01	[[-81.41, 42.74999999999999], [-82.91, 41.58333]]	0	0	1	0	179.19374709861412	100	134	33.582089552238806	1.0
3604	Blue_Heron	1	1980-08-01	[[-82.91, 41.58333], [-83.08, 41.58333]]	0	0	0	0	14.139378727063317	100	134	33.582089552238806	1.0
3605	Blue_Heron	1	1980-11-01	[[-83.08, 41.58333], [-82.41, 23.083330000000004]]	0	0	1	0	2058.050547969317	100	134	33.582089552238806	1.0
3606	Blue_Heron	1	1981-12-01	[[-82.41, 23.083330000000004], [-91.25, 34.58333]]	0	0	1	0	1539.9901282108583	100	134	33.582089552238806	1.0
3607	Blue_Heron	1	1983-01-01	[[-91.25, 34.58333], [-83.75, 33.416669999999996]]	0	0	0	0	703.2713617125224	100	134	33.582089552238806	1.0
3608	Blue_Heron	1	1985-01-01	[[-83.75, 33.416669999999996], [-82.25, 31.41667]]	0	0	0	0	263.20624062763454	100	134	33.582089552238806	1.0
3609	Blue_Heron	1	1986-11-01	[[-82.25, 31.41667], [-85.08, 41.08333]]	0	0	0	0	1104.2513946593156	100	134	33.582089552238806	1.0
3634	Blue_Heron	3	1976-05-01	[[-82.91, 41.41667], [-82.91, 41.41667000000001]]	0	0	0	0	0.0	20	45	26.666666666666668	2.0
3635	Blue_Heron	3	1976-06-01	[[-82.91, 41.41667000000001], [-83.41974226290684, 41.50048592986258]]	0	0	0	0	43.488833940746815	20	45	26.666666666666668	2.0
3636	Blue_Heron	3	1976-07-01	[[-83.41974226290684, 41.50048592986258], [-83.16016077686413, 40.6022261269938]]	0	0	0	0	102.22608991277886	20	45	26.666666666666668	2.0
3637	Blue_Heron	3	1976-08-01	[[-83.16016077686413, 40.6022261269938], [-85.75, 30.08333]]	4	0	0	0	1192.8384591841905	20	45	26.666666666666668	2.0
3638	Blue_Heron	3	1976-09-01	[[-85.75, 30.08333], [-82.91, 41.58333]]	13	0	0	0	1303.9006511946368	20	45	26.666666666666668	2.0
3639	Blue_Heron	3	1976-10-01	[[-82.91, 41.58333], [-81.07784011923924, 26.336799688862545]]	2	0	0	0	1703.619656712195	20	45	26.666666666666668	2.0
3640	Blue_Heron	3	1976-11-01	[[-81.07784011923924, 26.336799688862545], [-80.91, 33.416669999999996]]	0	0	0	0	787.4115463467385	20	45	26.666666666666668	2.0
3641	Blue_Heron	3	1976-12-01	[[-80.91, 33.416669999999996], [-82.45295162533907, 37.59624080262558]]	0	0	0	0	485.25659250533977	20	45	26.666666666666668	2.0
3642	Blue_Heron	3	1977-01-01	[[-82.45295162533907, 37.59624080262558], [-82.91, 41.41667000000001]]	0	0	0	0	426.6161390538219	20	45	26.666666666666668	2.0
3643	Blue_Heron	3	1977-03-01	[[-82.91, 41.41667000000001], [-83.0580363530597, 38.336257958602616]]	0	0	0	0	342.7588861863068	20	45	26.666666666666668	2.0
3644	Blue_Heron	3	1977-05-01	[[-83.0580363530597, 38.336257958602616], [-82.91, 41.41667000000001]]	0	0	0	0	342.7588861863068	20	45	26.666666666666668	2.0
3645	Blue_Heron	3	1980-02-01	[[-82.91, 41.41667000000001], [-85.91, 41.25]]	0	0	0	0	251.1540792337686	20	45	26.666666666666668	2.0
3646	Blue_Heron	2	1976-06-01	[[-82.91, 41.41667000000002], [-83.98017322641198, 41.14277383283573]]	0	0	0	0	94.46969842580545	24	70	17.142857142857142	3.0
3647	Blue_Heron	2	1976-08-01	[[-83.98017322641198, 41.14277383283573], [-84.16580232850545, 42.83336643210265]]	0	0	0	0	188.61018821395737	24	70	17.142857142857142	3.0
3648	Blue_Heron	2	1976-09-01	[[-84.16580232850545, 42.83336643210265], [-83.58, 43.58333]]	0	0	0	0	95.95942633217803	24	70	17.142857142857142	3.0
3649	Blue_Heron	2	1976-10-01	[[-83.58, 43.58333], [-79.25, 34.416669999999996]]	0	0	0	0	1085.374391046951	24	70	17.142857142857142	3.0
3650	Blue_Heron	2	1976-12-01	[[-79.25, 34.416669999999996], [-84.85313125571334, 30.023508914753187]]	0	0	0	0	718.3995017015282	24	70	17.142857142857142	3.0
3651	Blue_Heron	2	1977-01-01	[[-84.85313125571334, 30.023508914753187], [-83.20970654502338, 27.640093626193032]]	0	0	1	0	309.6097579548464	24	70	17.142857142857142	3.0
3652	Blue_Heron	2	1977-12-01	[[-83.20970654502338, 27.640093626193032], [-83.41, 33.91667]]	0	0	0	0	698.1851636037595	24	70	17.142857142857142	3.0
3653	Blue_Heron	2	1978-04-01	[[-83.41, 33.91667], [-83.58, 40.58333]]	0	0	0	0	741.450994335125	24	70	17.142857142857142	3.0
3654	Blue_Heron	2	1978-05-01	[[-83.58, 40.58333], [-82.58258549772641, 41.91714239044138]]	0	0	1	0	170.1429599349474	24	70	17.142857142857142	3.0
3655	Blue_Heron	2	1979-01-01	[[-82.58258549772641, 41.91714239044138], [-83.08, 41.41667000000001]]	0	0	0	0	69.31117529816244	24	70	17.142857142857142	3.0
3656	Blue_Heron	2	1979-08-01	[[-83.08, 41.41667000000001], [-84.08, 35.75]]	0	0	0	0	636.0578278576256	24	70	17.142857142857142	3.0
3657	Blue_Heron	2	1982-04-01	[[-84.08, 35.75], [-90.75, 14.250000000000002]]	0	0	1	0	2481.59694138715	24	70	17.142857142857142	3.0
