species,flock,source,target,totalDistance,ewDistance,nsDistance,heading,fossilCount,windCount,hydroCount,borderCount
Whooping_Crane,1,1,2,2021.873803,508.0098411,-1958.646924,163.46514,0,0,0,0
Whooping_Crane,1,1,2,2021.873803,508.0098411,-1958.646924,163.46514,0,0,0,0
Whooping_Crane,1,1,2,2021.873803,508.0098411,-1958.646924,163.46514,0,0,0,0
Whooping_Crane,1,1,2,2021.873803,508.0098411,-1958.646924,163.46514,0,0,0,0
Whooping_Crane,1,1,2,2021.873803,508.0098411,-1958.646924,163.46514,0,0,0,0
Whooping_Crane,1,1,2,2021.873803,508.0098411,-1958.646924,163.46514,0,0,0,0
Whooping_Crane,1,1,2,2021.873803,508.0098411,-1958.646924,163.46514,0,0,0,0
Whooping_Crane,1,1,2,2021.873803,508.0098411,-1958.646924,163.46514,0,0,0,0
Whooping_Crane,1,1,2,2021.873803,508.0098411,-1958.646924,163.46514,0,0,0,0
Whooping_Crane,1,1,2,2021.873803,508.0098411,-1958.646924,163.46514,0,0,0,0
Whooping_Crane,1,1,2,2021.873803,508.0098411,-1958.646924,163.46514,0,0,0,0
Whooping_Crane,1,1,2,2021.873803,508.0098411,-1958.646924,163.46514,0,0,0,0
Whooping_Crane,1,1,2,2021.873803,508.0098411,-1958.646924,163.46514,0,0,0,0
Whooping_Crane,1,1,2,2021.873803,508.0098411,-1958.646924,163.46514,0,0,0,0
Whooping_Crane,1,1,2,2021.873803,508.0098411,-1958.646924,163.46514,0,0,0,0
Whooping_Crane,1,1,2,2021.873803,508.0098411,-1958.646924,163.46514,0,0,0,0
Whooping_Crane,1,1,2,2021.873803,508.0098411,-1958.646924,163.46514,0,0,0,0
Whooping_Crane,1,1,2,2021.873803,508.0098411,-1958.646924,163.46514,0,0,0,0
Whooping_Crane,1,3,4,2704.243258,-958.9850065,2540.909647,344.1551717,0,0,0,0
Whooping_Crane,1,3,4,2704.243258,-958.9850065,2540.909647,344.1551717,0,0,0,0
Whooping_Crane,1,3,4,2704.243258,-958.9850065,2540.909647,344.1551717,0,0,0,0
Whooping_Crane,1,3,4,2704.243258,-958.9850065,2540.909647,344.1551717,0,0,0,0
Whooping_Crane,1,3,4,2704.243258,-958.9850065,2540.909647,344.1551717,0,0,0,0
Whooping_Crane,1,3,4,2704.243258,-958.9850065,2540.909647,344.1551717,0,0,0,0
Whooping_Crane,1,3,4,2704.243258,-958.9850065,2540.909647,344.1551717,0,0,0,0
Whooping_Crane,1,3,4,2704.243258,-958.9850065,2540.909647,344.1551717,0,0,0,0
Whooping_Crane,1,3,4,2704.243258,-958.9850065,2540.909647,344.1551717,0,0,0,0
Whooping_Crane,1,3,4,2704.243258,-958.9850065,2540.909647,344.1551717,0,0,0,0
Whooping_Crane,1,3,4,2704.243258,-958.9850065,2540.909647,344.1551717,0,0,0,0
Whooping_Crane,1,3,4,2704.243258,-958.9850065,2540.909647,344.1551717,0,0,0,0
Whooping_Crane,1,3,4,2704.243258,-958.9850065,2540.909647,344.1551717,0,0,0,0
Whooping_Crane,1,3,4,2704.243258,-958.9850065,2540.909647,344.1551717,0,0,0,0
Whooping_Crane,1,3,4,2704.243258,-958.9850065,2540.909647,344.1551717,0,0,0,0
Whooping_Crane,1,3,4,2704.243258,-958.9850065,2540.909647,344.1551717,0,0,0,0
Whooping_Crane,1,3,4,2704.243258,-958.9850065,2540.909647,344.1551717,0,0,0,0
Whooping_Crane,1,3,4,2704.243258,-958.9850065,2540.909647,344.1551717,0,0,0,0
Whooping_Crane,1,3,4,2704.243258,-958.9850065,2540.909647,344.1551717,0,0,0,0
Whooping_Crane,1,3,4,2704.243258,-958.9850065,2540.909647,344.1551717,0,0,0,0
Whooping_Crane,1,3,4,2704.243258,-958.9850065,2540.909647,344.1551717,0,0,0,0
Whooping_Crane,1,3,4,2704.243258,-958.9850065,2540.909647,344.1551717,0,0,0,0
Whooping_Crane,1,3,4,2704.243258,-958.9850065,2540.909647,344.1551717,0,0,0,0
Whooping_Crane,1,3,4,2704.243258,-958.9850065,2540.909647,344.1551717,0,0,0,0
Whooping_Crane,1,3,4,2704.243258,-958.9850065,2540.909647,344.1551717,0,0,0,0
Whooping_Crane,1,3,4,2704.243258,-958.9850065,2540.909647,344.1551717,0,0,0,0
Whooping_Crane,1,3,4,2704.243258,-958.9850065,2540.909647,344.1551717,0,0,0,0
Whooping_Crane,1,3,4,2704.243258,-958.9850065,2540.909647,344.1551717,0,0,0,0
Whooping_Crane,1,3,4,2704.243258,-958.9850065,2540.909647,344.1551717,0,0,0,0
Whooping_Crane,1,3,4,2704.243258,-958.9850065,2540.909647,344.1551717,0,0,0,0
Whooping_Crane,1,3,4,2704.243258,-958.9850065,2540.909647,344.1551717,0,0,0,0
Whooping_Crane,1,3,4,2704.243258,-958.9850065,2540.909647,344.1551717,0,0,0,0
Whooping_Crane,1,3,4,2704.243258,-958.9850065,2540.909647,344.1551717,0,0,0,0
Whooping_Crane,1,5,6,1652.476831,748.4522488,-1477.013538,149.5559584,0,0,0,0
Whooping_Crane,1,5,6,1652.476831,748.4522488,-1477.013538,149.5559584,0,0,0,0
Whooping_Crane,1,5,6,1652.476831,748.4522488,-1477.013538,149.5559584,0,0,0,0
Whooping_Crane,1,5,6,1652.476831,748.4522488,-1477.013538,149.5559584,0,0,0,0
Whooping_Crane,1,5,6,1652.476831,748.4522488,-1477.013538,149.5559584,0,0,0,0
Whooping_Crane,1,5,6,1652.476831,748.4522488,-1477.013538,149.5559584,0,0,0,0
Whooping_Crane,1,5,6,1652.476831,748.4522488,-1477.013538,149.5559584,0,0,0,0
Whooping_Crane,1,5,6,1652.476831,748.4522488,-1477.013538,149.5559584,0,0,0,0
Whooping_Crane,1,5,6,1652.476831,748.4522488,-1477.013538,149.5559584,0,0,0,0
Whooping_Crane,1,5,6,1652.476831,748.4522488,-1477.013538,149.5559584,0,0,0,0
Whooping_Crane,1,5,6,1652.476831,748.4522488,-1477.013538,149.5559584,0,0,0,0
Whooping_Crane,1,5,6,1652.476831,748.4522488,-1477.013538,149.5559584,0,0,0,0
Whooping_Crane,1,5,6,1652.476831,748.4522488,-1477.013538,149.5559584,0,0,0,0
Whooping_Crane,1,5,6,1652.476831,748.4522488,-1477.013538,149.5559584,0,0,0,0
Whooping_Crane,1,5,6,1652.476831,748.4522488,-1477.013538,149.5559584,0,0,0,0
Whooping_Crane,1,5,6,1652.476831,748.4522488,-1477.013538,149.5559584,0,0,0,0
Whooping_Crane,1,5,6,1652.476831,748.4522488,-1477.013538,149.5559584,0,0,0,0
Whooping_Crane,1,5,6,1652.476831,748.4522488,-1477.013538,149.5559584,0,0,0,0
Whooping_Crane,1,5,6,1652.476831,748.4522488,-1477.013538,149.5559584,0,0,0,0
Whooping_Crane,1,5,6,1652.476831,748.4522488,-1477.013538,149.5559584,0,0,0,0
Whooping_Crane,1,5,6,1652.476831,748.4522488,-1477.013538,149.5559584,0,0,0,0
Whooping_Crane,1,5,6,1652.476831,748.4522488,-1477.013538,149.5559584,0,0,0,0
Whooping_Crane,1,5,6,1652.476831,748.4522488,-1477.013538,149.5559584,0,0,0,0
Whooping_Crane,1,5,6,1652.476831,748.4522488,-1477.013538,149.5559584,0,0,0,0
Whooping_Crane,1,5,6,1652.476831,748.4522488,-1477.013538,149.5559584,0,0,0,0
Whooping_Crane,1,5,6,1652.476831,748.4522488,-1477.013538,149.5559584,0,0,0,0
Whooping_Crane,1,7,8,855.8582176,-395.3006197,759.6196575,334.2601876,0,0,0,0
Whooping_Crane,1,7,8,855.8582176,-395.3006197,759.6196575,334.2601876,0,0,0,0
Whooping_Crane,1,7,8,855.8582176,-395.3006197,759.6196575,334.2601876,0,0,0,0
Whooping_Crane,1,7,8,855.8582176,-395.3006197,759.6196575,334.2601876,0,0,0,0
Whooping_Crane,1,7,8,855.8582176,-395.3006197,759.6196575,334.2601876,0,0,0,0
Whooping_Crane,1,7,8,855.8582176,-395.3006197,759.6196575,334.2601876,0,0,0,0
Whooping_Crane,1,7,8,855.8582176,-395.3006197,759.6196575,334.2601876,0,0,0,0
Whooping_Crane,1,7,8,855.8582176,-395.3006197,759.6196575,334.2601876,0,0,0,0
Whooping_Crane,1,7,8,855.8582176,-395.3006197,759.6196575,334.2601876,0,0,0,0
Whooping_Crane,1,7,8,855.8582176,-395.3006197,759.6196575,334.2601876,0,0,0,0
Whooping_Crane,1,7,8,855.8582176,-395.3006197,759.6196575,334.2601876,0,0,0,0
Whooping_Crane,1,7,8,855.8582176,-395.3006197,759.6196575,334.2601876,0,0,0,0
Whooping_Crane,1,7,8,855.8582176,-395.3006197,759.6196575,334.2601876,0,0,0,0
Whooping_Crane,1,7,8,855.8582176,-395.3006197,759.6196575,334.2601876,0,0,0,0
Whooping_Crane,1,7,8,855.8582176,-395.3006197,759.6196575,334.2601876,0,0,0,0
Whooping_Crane,1,11,12,1896.863444,758.6584047,-1742.787086,152.963151,0,0,0,0
Whooping_Crane,1,11,12,1896.863444,758.6584047,-1742.787086,152.963151,0,0,0,0
Whooping_Crane,1,11,12,1896.863444,758.6584047,-1742.787086,152.963151,0,0,0,0
Whooping_Crane,1,11,12,1896.863444,758.6584047,-1742.787086,152.963151,0,0,0,0
Whooping_Crane,1,11,12,1896.863444,758.6584047,-1742.787086,152.963151,0,0,0,0
Whooping_Crane,1,11,12,1896.863444,758.6584047,-1742.787086,152.963151,0,0,0,0
Whooping_Crane,1,11,12,1896.863444,758.6584047,-1742.787086,152.963151,0,0,0,0
Whooping_Crane,1,11,12,1896.863444,758.6584047,-1742.787086,152.963151,0,0,0,0
Whooping_Crane,1,11,12,1896.863444,758.6584047,-1742.787086,152.963151,0,0,0,0
Whooping_Crane,1,11,12,1896.863444,758.6584047,-1742.787086,152.963151,0,0,0,0
Whooping_Crane,1,11,12,1896.863444,758.6584047,-1742.787086,152.963151,0,0,0,0
Whooping_Crane,1,11,12,1896.863444,758.6584047,-1742.787086,152.963151,0,0,0,0
Whooping_Crane,1,11,12,1896.863444,758.6584047,-1742.787086,152.963151,0,0,0,0
Whooping_Crane,1,11,12,1896.863444,758.6584047,-1742.787086,152.963151,0,0,0,0
Whooping_Crane,1,11,12,1896.863444,758.6584047,-1742.787086,152.963151,0,0,0,0
Whooping_Crane,1,11,12,1896.863444,758.6584047,-1742.787086,152.963151,0,0,0,0
Whooping_Crane,1,11,12,1896.863444,758.6584047,-1742.787086,152.963151,0,0,0,0
Whooping_Crane,1,11,12,1896.863444,758.6584047,-1742.787086,152.963151,0,0,0,0
Whooping_Crane,1,11,12,1896.863444,758.6584047,-1742.787086,152.963151,0,0,0,0
Whooping_Crane,1,11,12,1896.863444,758.6584047,-1742.787086,152.963151,0,0,0,0
Whooping_Crane,1,11,12,1896.863444,758.6584047,-1742.787086,152.963151,0,0,0,0
Whooping_Crane,1,11,12,1896.863444,758.6584047,-1742.787086,152.963151,0,0,0,0
Whooping_Crane,1,11,12,1896.863444,758.6584047,-1742.787086,152.963151,0,0,0,0
Whooping_Crane,1,11,12,1896.863444,758.6584047,-1742.787086,152.963151,0,0,0,0
Whooping_Crane,1,11,12,1896.863444,758.6584047,-1742.787086,152.963151,0,0,0,0
Whooping_Crane,1,11,12,1896.863444,758.6584047,-1742.787086,152.963151,0,0,0,0
Whooping_Crane,1,11,12,1896.863444,758.6584047,-1742.787086,152.963151,0,0,0,0
Whooping_Crane,1,11,12,1896.863444,758.6584047,-1742.787086,152.963151,0,0,0,0
Whooping_Crane,1,11,12,1896.863444,758.6584047,-1742.787086,152.963151,0,0,0,0
Whooping_Crane,1,13,14,2923.100222,-1051.392979,2742.810906,344.1509063,0,0,0,0
Whooping_Crane,1,13,14,2923.100222,-1051.392979,2742.810906,344.1509063,0,0,0,0
Whooping_Crane,1,13,14,2923.100222,-1051.392979,2742.810906,344.1509063,0,0,0,0
Whooping_Crane,1,13,14,2923.100222,-1051.392979,2742.810906,344.1509063,0,0,0,0
Whooping_Crane,1,13,14,2923.100222,-1051.392979,2742.810906,344.1509063,0,0,0,0
Whooping_Crane,1,13,14,2923.100222,-1051.392979,2742.810906,344.1509063,0,0,0,0
Whooping_Crane,1,13,14,2923.100222,-1051.392979,2742.810906,344.1509063,0,0,0,0
Whooping_Crane,1,13,14,2923.100222,-1051.392979,2742.810906,344.1509063,0,0,0,0
Whooping_Crane,1,13,14,2923.100222,-1051.392979,2742.810906,344.1509063,0,0,0,0
Whooping_Crane,1,13,14,2923.100222,-1051.392979,2742.810906,344.1509063,0,0,0,0
Whooping_Crane,1,13,14,2923.100222,-1051.392979,2742.810906,344.1509063,0,0,0,0
Whooping_Crane,1,13,14,2923.100222,-1051.392979,2742.810906,344.1509063,0,0,0,0
Whooping_Crane,1,13,14,2923.100222,-1051.392979,2742.810906,344.1509063,0,0,0,0
Whooping_Crane,1,13,14,2923.100222,-1051.392979,2742.810906,344.1509063,0,0,0,0
Whooping_Crane,1,13,14,2923.100222,-1051.392979,2742.810906,344.1509063,0,0,0,0
Whooping_Crane,1,13,14,2923.100222,-1051.392979,2742.810906,344.1509063,0,0,0,0
Whooping_Crane,1,13,14,2923.100222,-1051.392979,2742.810906,344.1509063,0,0,0,0
Whooping_Crane,1,13,14,2923.100222,-1051.392979,2742.810906,344.1509063,0,0,0,0
Whooping_Crane,1,13,14,2923.100222,-1051.392979,2742.810906,344.1509063,0,0,0,0
Whooping_Crane,1,13,14,2923.100222,-1051.392979,2742.810906,344.1509063,0,0,0,0
Whooping_Crane,1,13,14,2923.100222,-1051.392979,2742.810906,344.1509063,0,0,0,0
Whooping_Crane,1,13,14,2923.100222,-1051.392979,2742.810906,344.1509063,0,0,0,0
Whooping_Crane,1,13,14,2923.100222,-1051.392979,2742.810906,344.1509063,0,0,0,0
Whooping_Crane,1,13,14,2923.100222,-1051.392979,2742.810906,344.1509063,0,0,0,0
Whooping_Crane,1,13,14,2923.100222,-1051.392979,2742.810906,344.1509063,0,0,0,0
Whooping_Crane,1,13,14,2923.100222,-1051.392979,2742.810906,344.1509063,0,0,0,0
Whooping_Crane,1,13,14,2923.100222,-1051.392979,2742.810906,344.1509063,0,0,0,0
Whooping_Crane,1,13,14,2923.100222,-1051.392979,2742.810906,344.1509063,0,0,0,0
Whooping_Crane,1,13,14,2923.100222,-1051.392979,2742.810906,344.1509063,0,0,0,0
Whooping_Crane,1,13,14,2923.100222,-1051.392979,2742.810906,344.1509063,0,0,0,0
Whooping_Crane,1,13,14,2923.100222,-1051.392979,2742.810906,344.1509063,0,0,0,0
Whooping_Crane,1,13,14,2923.100222,-1051.392979,2742.810906,344.1509063,0,0,0,0
Whooping_Crane,1,13,14,2923.100222,-1051.392979,2742.810906,344.1509063,0,0,0,0
Whooping_Crane,1,13,14,2923.100222,-1051.392979,2742.810906,344.1509063,0,0,0,0
Whooping_Crane,1,13,14,2923.100222,-1051.392979,2742.810906,344.1509063,0,0,0,0
Whooping_Crane,1,13,14,2923.100222,-1051.392979,2742.810906,344.1509063,0,0,0,0
Whooping_Crane,1,13,14,2923.100222,-1051.392979,2742.810906,344.1509063,0,0,0,0
Whooping_Crane,1,13,14,2923.100222,-1051.392979,2742.810906,344.1509063,0,0,0,0
Whooping_Crane,1,13,14,2923.100222,-1051.392979,2742.810906,344.1509063,0,0,0,0
Whooping_Crane,1,13,14,2923.100222,-1051.392979,2742.810906,344.1509063,0,0,0,0
Whooping_Crane,1,13,14,2923.100222,-1051.392979,2742.810906,344.1509063,0,0,0,0
Whooping_Crane,1,13,14,2923.100222,-1051.392979,2742.810906,344.1509063,0,0,0,0
Whooping_Crane,1,13,14,2923.100222,-1051.392979,2742.810906,344.1509063,0,0,0,0
Whooping_Crane,1,13,14,2923.100222,-1051.392979,2742.810906,344.1509063,0,0,0,0
Whooping_Crane,1,13,14,2923.100222,-1051.392979,2742.810906,344.1509063,0,0,0,0
Whooping_Crane,1,13,14,2923.100222,-1051.392979,2742.810906,344.1509063,0,0,0,0
Whooping_Crane,1,13,14,2923.100222,-1051.392979,2742.810906,344.1509063,0,0,0,0
Whooping_Crane,1,13,14,2923.100222,-1051.392979,2742.810906,344.1509063,0,0,0,0
Whooping_Crane,1,13,14,2923.100222,-1051.392979,2742.810906,344.1509063,0,0,0,0
Whooping_Crane,1,13,14,2923.100222,-1051.392979,2742.810906,344.1509063,0,0,0,0
Whooping_Crane,1,21,22,1593.584667,554.9675799,-1495.739161,157.1088039,0,0,0,0
Whooping_Crane,1,21,22,1593.584667,554.9675799,-1495.739161,157.1088039,0,0,0,0
Whooping_Crane,1,21,22,1593.584667,554.9675799,-1495.739161,157.1088039,0,0,0,0
Whooping_Crane,1,21,22,1593.584667,554.9675799,-1495.739161,157.1088039,0,0,0,0
Whooping_Crane,1,21,22,1593.584667,554.9675799,-1495.739161,157.1088039,0,0,0,0
Whooping_Crane,1,21,22,1593.584667,554.9675799,-1495.739161,157.1088039,0,0,0,0
Whooping_Crane,1,21,22,1593.584667,554.9675799,-1495.739161,157.1088039,0,0,0,0
Whooping_Crane,1,21,22,1593.584667,554.9675799,-1495.739161,157.1088039,0,0,0,0
Whooping_Crane,1,21,22,1593.584667,554.9675799,-1495.739161,157.1088039,0,0,0,0
Whooping_Crane,1,21,22,1593.584667,554.9675799,-1495.739161,157.1088039,0,0,0,0
Whooping_Crane,1,21,22,1593.584667,554.9675799,-1495.739161,157.1088039,0,0,0,0
Whooping_Crane,1,21,22,1593.584667,554.9675799,-1495.739161,157.1088039,0,0,0,0
Whooping_Crane,1,21,22,1593.584667,554.9675799,-1495.739161,157.1088039,0,0,0,0
Whooping_Crane,1,21,22,1593.584667,554.9675799,-1495.739161,157.1088039,0,0,0,0
Whooping_Crane,1,21,22,1593.584667,554.9675799,-1495.739161,157.1088039,0,0,0,0
Whooping_Crane,1,21,22,1593.584667,554.9675799,-1495.739161,157.1088039,0,0,0,0
Whooping_Crane,1,21,22,1593.584667,554.9675799,-1495.739161,157.1088039,0,0,0,0
Whooping_Crane,1,21,22,1593.584667,554.9675799,-1495.739161,157.1088039,0,0,0,0
Whooping_Crane,1,21,22,1593.584667,554.9675799,-1495.739161,157.1088039,0,0,0,0
Whooping_Crane,1,21,22,1593.584667,554.9675799,-1495.739161,157.1088039,0,0,0,0
Whooping_Crane,1,21,22,1593.584667,554.9675799,-1495.739161,157.1088039,0,0,0,0
Whooping_Crane,1,21,22,1593.584667,554.9675799,-1495.739161,157.1088039,0,0,0,0
Whooping_Crane,1,21,22,1593.584667,554.9675799,-1495.739161,157.1088039,0,0,0,0
Whooping_Crane,1,21,22,1593.584667,554.9675799,-1495.739161,157.1088039,0,0,0,0
Whooping_Crane,1,21,22,1593.584667,554.9675799,-1495.739161,157.1088039,0,0,0,0
Whooping_Crane,1,21,22,1593.584667,554.9675799,-1495.739161,157.1088039,0,0,0,0
Whooping_Crane,1,21,22,1593.584667,554.9675799,-1495.739161,157.1088039,0,0,0,0
Whooping_Crane,1,21,22,1593.584667,554.9675799,-1495.739161,157.1088039,0,0,0,0
Whooping_Crane,1,23,24,1301.58259,-496.8672089,1204.479761,339.9860819,0,0,0,0
Whooping_Crane,1,23,24,1301.58259,-496.8672089,1204.479761,339.9860819,0,0,0,0
Whooping_Crane,1,23,24,1301.58259,-496.8672089,1204.479761,339.9860819,0,0,0,0
Whooping_Crane,1,23,24,1301.58259,-496.8672089,1204.479761,339.9860819,0,0,0,0
Whooping_Crane,1,23,24,1301.58259,-496.8672089,1204.479761,339.9860819,0,0,0,0
Whooping_Crane,1,23,24,1301.58259,-496.8672089,1204.479761,339.9860819,0,0,0,0
Whooping_Crane,1,23,24,1301.58259,-496.8672089,1204.479761,339.9860819,0,0,0,0
Whooping_Crane,1,23,24,1301.58259,-496.8672089,1204.479761,339.9860819,0,0,0,0
Whooping_Crane,1,23,24,1301.58259,-496.8672089,1204.479761,339.9860819,0,0,0,0
Whooping_Crane,1,23,24,1301.58259,-496.8672089,1204.479761,339.9860819,0,0,0,0
Whooping_Crane,1,23,24,1301.58259,-496.8672089,1204.479761,339.9860819,0,0,0,0
Whooping_Crane,1,23,24,1301.58259,-496.8672089,1204.479761,339.9860819,0,0,0,0
Whooping_Crane,1,23,24,1301.58259,-496.8672089,1204.479761,339.9860819,0,0,0,0
Whooping_Crane,1,23,24,1301.58259,-496.8672089,1204.479761,339.9860819,0,0,0,0
Whooping_Crane,1,23,24,1301.58259,-496.8672089,1204.479761,339.9860819,0,0,0,0
Whooping_Crane,1,23,24,1301.58259,-496.8672089,1204.479761,339.9860819,0,0,0,0
Whooping_Crane,1,23,24,1301.58259,-496.8672089,1204.479761,339.9860819,0,0,0,0
Whooping_Crane,1,23,24,1301.58259,-496.8672089,1204.479761,339.9860819,0,0,0,0
Whooping_Crane,1,23,24,1301.58259,-496.8672089,1204.479761,339.9860819,0,0,0,0
Whooping_Crane,1,26,27,1560.611311,577.5346322,-1452.171831,155.4002492,0,0,0,0
Whooping_Crane,1,26,27,1560.611311,577.5346322,-1452.171831,155.4002492,0,0,0,0
Whooping_Crane,1,26,27,1560.611311,577.5346322,-1452.171831,155.4002492,0,0,0,0
Whooping_Crane,1,26,27,1560.611311,577.5346322,-1452.171831,155.4002492,0,0,0,0
Whooping_Crane,1,26,27,1560.611311,577.5346322,-1452.171831,155.4002492,0,0,0,0
Whooping_Crane,1,26,27,1560.611311,577.5346322,-1452.171831,155.4002492,0,0,0,0
Whooping_Crane,1,26,27,1560.611311,577.5346322,-1452.171831,155.4002492,0,0,0,0
Whooping_Crane,1,26,27,1560.611311,577.5346322,-1452.171831,155.4002492,0,0,0,0
Whooping_Crane,1,26,27,1560.611311,577.5346322,-1452.171831,155.4002492,0,0,0,0
Whooping_Crane,1,26,27,1560.611311,577.5346322,-1452.171831,155.4002492,0,0,0,0
Whooping_Crane,1,26,27,1560.611311,577.5346322,-1452.171831,155.4002492,0,0,0,0
Whooping_Crane,1,26,27,1560.611311,577.5346322,-1452.171831,155.4002492,0,0,0,0
Whooping_Crane,1,26,27,1560.611311,577.5346322,-1452.171831,155.4002492,0,0,0,0
Whooping_Crane,1,26,27,1560.611311,577.5346322,-1452.171831,155.4002492,0,0,0,0
Whooping_Crane,1,26,27,1560.611311,577.5346322,-1452.171831,155.4002492,0,0,0,0
Whooping_Crane,1,26,27,1560.611311,577.5346322,-1452.171831,155.4002492,0,0,0,0
Whooping_Crane,1,26,27,1560.611311,577.5346322,-1452.171831,155.4002492,0,0,0,0
Whooping_Crane,1,26,27,1560.611311,577.5346322,-1452.171831,155.4002492,0,0,0,0
Whooping_Crane,1,26,27,1560.611311,577.5346322,-1452.171831,155.4002492,0,0,0,0
Whooping_Crane,1,26,27,1560.611311,577.5346322,-1452.171831,155.4002492,0,0,0,0
Whooping_Crane,1,26,27,1560.611311,577.5346322,-1452.171831,155.4002492,0,0,0,0
Whooping_Crane,1,26,27,1560.611311,577.5346322,-1452.171831,155.4002492,0,0,0,0
Whooping_Crane,1,26,27,1560.611311,577.5346322,-1452.171831,155.4002492,0,0,0,0
Whooping_Crane,1,26,27,1560.611311,577.5346322,-1452.171831,155.4002492,0,0,0,0
Whooping_Crane,1,26,27,1560.611311,577.5346322,-1452.171831,155.4002492,0,0,0,0
Whooping_Crane,1,26,27,1560.611311,577.5346322,-1452.171831,155.4002492,0,0,0,0
Whooping_Crane,1,26,27,1560.611311,577.5346322,-1452.171831,155.4002492,0,0,0,0
Whooping_Crane,1,26,27,1560.611311,577.5346322,-1452.171831,155.4002492,0,0,0,0
Whooping_Crane,1,26,27,1560.611311,577.5346322,-1452.171831,155.4002492,0,0,0,0
Whooping_Crane,1,26,27,1560.611311,577.5346322,-1452.171831,155.4002492,0,0,0,0
Whooping_Crane,1,27,28,860.1582343,-201.2942588,836.4114568,347.3508549,0,0,0,0
Whooping_Crane,1,27,28,860.1582343,-201.2942588,836.4114568,347.3508549,0,0,0,0
Whooping_Crane,1,27,28,860.1582343,-201.2942588,836.4114568,347.3508549,0,0,0,0
Whooping_Crane,1,27,28,860.1582343,-201.2942588,836.4114568,347.3508549,0,0,0,0
Whooping_Crane,1,27,28,860.1582343,-201.2942588,836.4114568,347.3508549,0,0,0,0
Whooping_Crane,1,27,28,860.1582343,-201.2942588,836.4114568,347.3508549,0,0,0,0
Whooping_Crane,1,27,28,860.1582343,-201.2942588,836.4114568,347.3508549,0,0,0,0
Whooping_Crane,1,27,28,860.1582343,-201.2942588,836.4114568,347.3508549,0,0,0,0
Whooping_Crane,1,27,28,860.1582343,-201.2942588,836.4114568,347.3508549,0,0,0,0
Whooping_Crane,1,27,28,860.1582343,-201.2942588,836.4114568,347.3508549,0,0,0,0
Whooping_Crane,1,27,28,860.1582343,-201.2942588,836.4114568,347.3508549,0,0,0,0
Whooping_Crane,1,27,28,860.1582343,-201.2942588,836.4114568,347.3508549,0,0,0,0
Whooping_Crane,1,27,28,860.1582343,-201.2942588,836.4114568,347.3508549,0,0,0,0
Whooping_Crane,1,27,28,860.1582343,-201.2942588,836.4114568,347.3508549,0,0,0,0
Whooping_Crane,1,27,28,860.1582343,-201.2942588,836.4114568,347.3508549,0,0,0,0
Whooping_Crane,1,27,28,860.1582343,-201.2942588,836.4114568,347.3508549,0,0,0,0
Whooping_Crane,1,27,28,860.1582343,-201.2942588,836.4114568,347.3508549,0,0,0,0
Whooping_Crane,1,27,28,860.1582343,-201.2942588,836.4114568,347.3508549,0,0,0,0
Whooping_Crane,1,27,28,860.1582343,-201.2942588,836.4114568,347.3508549,0,0,0,0
Whooping_Crane,1,27,28,860.1582343,-201.2942588,836.4114568,347.3508549,0,0,0,0
Whooping_Crane,1,28,29,1316.660309,304.6441248,-1281.370215,165.3344859,0,0,0,0
Whooping_Crane,1,28,29,1316.660309,304.6441248,-1281.370215,165.3344859,0,0,0,0
Whooping_Crane,1,28,29,1316.660309,304.6441248,-1281.370215,165.3344859,0,0,0,0
Whooping_Crane,1,28,29,1316.660309,304.6441248,-1281.370215,165.3344859,0,0,0,0
Whooping_Crane,1,28,29,1316.660309,304.6441248,-1281.370215,165.3344859,0,0,0,0
Whooping_Crane,1,28,29,1316.660309,304.6441248,-1281.370215,165.3344859,0,0,0,0
Whooping_Crane,1,28,29,1316.660309,304.6441248,-1281.370215,165.3344859,0,0,0,0
Whooping_Crane,1,28,29,1316.660309,304.6441248,-1281.370215,165.3344859,0,0,0,0
Whooping_Crane,1,28,29,1316.660309,304.6441248,-1281.370215,165.3344859,0,0,0,0
Whooping_Crane,1,28,29,1316.660309,304.6441248,-1281.370215,165.3344859,0,0,0,0
Whooping_Crane,1,28,29,1316.660309,304.6441248,-1281.370215,165.3344859,0,0,0,0
Whooping_Crane,1,28,29,1316.660309,304.6441248,-1281.370215,165.3344859,0,0,0,0
Whooping_Crane,1,28,29,1316.660309,304.6441248,-1281.370215,165.3344859,0,0,0,0
Whooping_Crane,1,28,29,1316.660309,304.6441248,-1281.370215,165.3344859,0,0,0,0
Whooping_Crane,1,28,29,1316.660309,304.6441248,-1281.370215,165.3344859,0,0,0,0
Whooping_Crane,1,28,29,1316.660309,304.6441248,-1281.370215,165.3344859,0,0,0,0
Whooping_Crane,1,28,29,1316.660309,304.6441248,-1281.370215,165.3344859,0,0,0,0
Whooping_Crane,1,28,29,1316.660309,304.6441248,-1281.370215,165.3344859,0,0,0,0
Whooping_Crane,1,28,29,1316.660309,304.6441248,-1281.370215,165.3344859,0,0,0,0
Whooping_Crane,1,28,29,1316.660309,304.6441248,-1281.370215,165.3344859,0,0,0,0
Whooping_Crane,1,28,29,1316.660309,304.6441248,-1281.370215,165.3344859,0,0,0,0
Whooping_Crane,1,29,30,1078.273693,-279.7513001,1041.637191,346.0637718,0,0,0,0
Whooping_Crane,1,29,30,1078.273693,-279.7513001,1041.637191,346.0637718,0,0,0,0
Whooping_Crane,1,29,30,1078.273693,-279.7513001,1041.637191,346.0637718,0,0,0,0
Whooping_Crane,1,29,30,1078.273693,-279.7513001,1041.637191,346.0637718,0,0,0,0
Whooping_Crane,1,29,30,1078.273693,-279.7513001,1041.637191,346.0637718,0,0,0,0
Whooping_Crane,1,29,30,1078.273693,-279.7513001,1041.637191,346.0637718,0,0,0,0
Whooping_Crane,1,29,30,1078.273693,-279.7513001,1041.637191,346.0637718,0,0,0,0
Whooping_Crane,1,29,30,1078.273693,-279.7513001,1041.637191,346.0637718,0,0,0,0
Whooping_Crane,1,29,30,1078.273693,-279.7513001,1041.637191,346.0637718,0,0,0,0
Whooping_Crane,1,31,32,1917.601273,793.0151361,-1753.182556,150.8592643,0,0,0,0
Whooping_Crane,1,31,32,1917.601273,793.0151361,-1753.182556,150.8592643,0,0,0,0
Whooping_Crane,1,31,32,1917.601273,793.0151361,-1753.182556,150.8592643,0,0,0,0
Whooping_Crane,1,31,32,1917.601273,793.0151361,-1753.182556,150.8592643,0,0,0,0
Whooping_Crane,1,32,33,288.3609906,165.8211143,-235.9413801,144.1922021,0,0,0,0
Whooping_Crane,1,32,33,288.3609906,165.8211143,-235.9413801,144.1922021,0,0,0,0
Whooping_Crane,1,32,33,288.3609906,165.8211143,-235.9413801,144.1922021,0,0,0,0
Whooping_Crane,1,32,33,288.3609906,165.8211143,-235.9413801,144.1922021,0,0,0,0
Whooping_Crane,1,32,33,288.3609906,165.8211143,-235.9413801,144.1922021,0,0,0,0
Whooping_Crane,1,32,33,288.3609906,165.8211143,-235.9413801,144.1922021,0,0,0,0
Whooping_Crane,1,33,34,1497.219639,304.0999067,-1466.370251,167.2669693,0,0,0,0
Whooping_Crane,1,33,34,1497.219639,304.0999067,-1466.370251,167.2669693,0,0,0,0
Whooping_Crane,1,33,34,1497.219639,304.0999067,-1466.370251,167.2669693,0,0,0,0
Whooping_Crane,1,33,34,1497.219639,304.0999067,-1466.370251,167.2669693,0,0,0,0
Whooping_Crane,1,33,34,1497.219639,304.0999067,-1466.370251,167.2669693,0,0,0,0
Whooping_Crane,1,33,34,1497.219639,304.0999067,-1466.370251,167.2669693,0,0,0,0
Whooping_Crane,1,33,34,1497.219639,304.0999067,-1466.370251,167.2669693,0,0,0,0
Whooping_Crane,1,33,34,1497.219639,304.0999067,-1466.370251,167.2669693,0,0,0,0
Whooping_Crane,1,33,34,1497.219639,304.0999067,-1466.370251,167.2669693,0,0,0,0
Whooping_Crane,1,33,34,1497.219639,304.0999067,-1466.370251,167.2669693,0,0,0,0
Whooping_Crane,1,33,34,1497.219639,304.0999067,-1466.370251,167.2669693,0,0,0,0
Whooping_Crane,1,33,34,1497.219639,304.0999067,-1466.370251,167.2669693,0,0,0,0
Whooping_Crane,1,34,35,1412.968392,-290.2012608,1383.148879,349.0545617,0,0,0,0
Whooping_Crane,1,34,35,1412.968392,-290.2012608,1383.148879,349.0545617,0,0,0,0
Whooping_Crane,1,34,35,1412.968392,-290.2012608,1383.148879,349.0545617,0,0,0,0
Whooping_Crane,1,34,35,1412.968392,-290.2012608,1383.148879,349.0545617,0,0,0,0
Whooping_Crane,1,34,35,1412.968392,-290.2012608,1383.148879,349.0545617,0,0,0,0
Whooping_Crane,1,34,35,1412.968392,-290.2012608,1383.148879,349.0545617,0,0,0,0
Whooping_Crane,1,34,35,1412.968392,-290.2012608,1383.148879,349.0545617,0,0,0,0
Whooping_Crane,1,34,35,1412.968392,-290.2012608,1383.148879,349.0545617,0,0,0,0
Whooping_Crane,1,34,35,1412.968392,-290.2012608,1383.148879,349.0545617,0,0,0,0
Whooping_Crane,1,34,35,1412.968392,-290.2012608,1383.148879,349.0545617,0,0,0,0
Whooping_Crane,1,35,36,2284.880883,-969.1188541,2081.045796,340.2650926,0,0,0,0
Whooping_Crane,1,35,36,2284.880883,-969.1188541,2081.045796,340.2650926,0,0,0,0
Whooping_Crane,1,35,36,2284.880883,-969.1188541,2081.045796,340.2650926,0,0,0,0
Whooping_Crane,1,35,36,2284.880883,-969.1188541,2081.045796,340.2650926,0,0,0,0
Whooping_Crane,1,35,36,2284.880883,-969.1188541,2081.045796,340.2650926,0,0,0,0
Whooping_Crane,1,35,36,2284.880883,-969.1188541,2081.045796,340.2650926,0,0,0,0
Whooping_Crane,1,35,36,2284.880883,-969.1188541,2081.045796,340.2650926,0,0,0,0
Whooping_Crane,1,35,36,2284.880883,-969.1188541,2081.045796,340.2650926,0,0,0,0
Whooping_Crane,1,35,36,2284.880883,-969.1188541,2081.045796,340.2650926,0,0,0,0
Whooping_Crane,1,35,36,2284.880883,-969.1188541,2081.045796,340.2650926,0,0,0,0
Whooping_Crane,1,35,36,2284.880883,-969.1188541,2081.045796,340.2650926,0,0,0,0
Whooping_Crane,1,35,36,2284.880883,-969.1188541,2081.045796,340.2650926,0,0,0,0
Whooping_Crane,1,35,36,2284.880883,-969.1188541,2081.045796,340.2650926,0,0,0,0
Whooping_Crane,1,35,36,2284.880883,-969.1188541,2081.045796,340.2650926,0,0,0,0
Whooping_Crane,1,35,36,2284.880883,-969.1188541,2081.045796,340.2650926,0,0,0,0
Whooping_Crane,1,35,36,2284.880883,-969.1188541,2081.045796,340.2650926,0,0,0,0
Whooping_Crane,1,35,36,2284.880883,-969.1188541,2081.045796,340.2650926,0,0,0,0
Whooping_Crane,1,35,36,2284.880883,-969.1188541,2081.045796,340.2650926,0,0,0,0
Whooping_Crane,1,35,36,2284.880883,-969.1188541,2081.045796,340.2650926,0,0,0,0
Whooping_Crane,1,35,36,2284.880883,-969.1188541,2081.045796,340.2650926,0,0,0,0
Whooping_Crane,1,35,36,2284.880883,-969.1188541,2081.045796,340.2650926,0,0,0,0
Whooping_Crane,1,35,36,2284.880883,-969.1188541,2081.045796,340.2650926,0,0,0,0
Whooping_Crane,1,35,36,2284.880883,-969.1188541,2081.045796,340.2650926,0,0,0,0
Whooping_Crane,1,35,36,2284.880883,-969.1188541,2081.045796,340.2650926,0,0,0,0
Whooping_Crane,1,35,36,2284.880883,-969.1188541,2081.045796,340.2650926,0,0,0,0
Whooping_Crane,1,35,36,2284.880883,-969.1188541,2081.045796,340.2650926,0,0,0,0
Whooping_Crane,1,35,36,2284.880883,-969.1188541,2081.045796,340.2650926,0,0,0,0
Whooping_Crane,1,35,36,2284.880883,-969.1188541,2081.045796,340.2650926,0,0,0,0
Whooping_Crane,1,35,36,2284.880883,-969.1188541,2081.045796,340.2650926,0,0,0,0
Whooping_Crane,1,35,36,2284.880883,-969.1188541,2081.045796,340.2650926,0,0,0,0
Whooping_Crane,1,35,36,2284.880883,-969.1188541,2081.045796,340.2650926,0,0,0,0
Whooping_Crane,1,35,36,2284.880883,-969.1188541,2081.045796,340.2650926,0,0,0,0
Whooping_Crane,1,35,36,2284.880883,-969.1188541,2081.045796,340.2650926,0,0,0,0
Whooping_Crane,1,35,36,2284.880883,-969.1188541,2081.045796,340.2650926,0,0,0,0
Whooping_Crane,1,37,38,795.8780988,456.0284583,-653.0788887,142.6319646,0,0,0,0
Whooping_Crane,1,37,38,795.8780988,456.0284583,-653.0788887,142.6319646,0,0,0,0
Whooping_Crane,1,37,38,795.8780988,456.0284583,-653.0788887,142.6319646,0,0,0,0
Whooping_Crane,1,37,38,795.8780988,456.0284583,-653.0788887,142.6319646,0,0,0,0
Whooping_Crane,1,37,38,795.8780988,456.0284583,-653.0788887,142.6319646,0,0,0,0
Whooping_Crane,1,37,38,795.8780988,456.0284583,-653.0788887,142.6319646,0,0,0,0
Whooping_Crane,1,37,38,795.8780988,456.0284583,-653.0788887,142.6319646,0,0,0,0
Whooping_Crane,1,37,38,795.8780988,456.0284583,-653.0788887,142.6319646,0,0,0,0
Whooping_Crane,1,37,38,795.8780988,456.0284583,-653.0788887,142.6319646,0,0,0,0
Whooping_Crane,1,37,38,795.8780988,456.0284583,-653.0788887,142.6319646,0,0,0,0
Whooping_Crane,1,37,38,795.8780988,456.0284583,-653.0788887,142.6319646,0,0,0,0
Whooping_Crane,1,37,38,795.8780988,456.0284583,-653.0788887,142.6319646,1,0,0,1
Whooping_Crane,1,38,39,2021.431551,500.2041759,-1960.001887,163.855805,1,0,0,1
Whooping_Crane,1,38,39,2021.431551,500.2041759,-1960.001887,163.855805,1,0,0,1
Whooping_Crane,1,38,39,2021.431551,500.2041759,-1960.001887,163.855805,1,0,0,1
Whooping_Crane,1,38,39,2021.431551,500.2041759,-1960.001887,163.855805,1,0,0,1
Whooping_Crane,1,38,39,2021.431551,500.2041759,-1960.001887,163.855805,1,0,0,1
Whooping_Crane,1,38,39,2021.431551,500.2041759,-1960.001887,163.855805,1,0,0,1
Whooping_Crane,1,38,39,2021.431551,500.2041759,-1960.001887,163.855805,1,0,0,1
Whooping_Crane,1,38,39,2021.431551,500.2041759,-1960.001887,163.855805,1,0,0,1
Whooping_Crane,1,38,39,2021.431551,500.2041759,-1960.001887,163.855805,1,0,0,1
Whooping_Crane,1,38,39,2021.431551,500.2041759,-1960.001887,163.855805,1,0,0,1
Whooping_Crane,1,38,39,2021.431551,500.2041759,-1960.001887,163.855805,1,0,0,1
Whooping_Crane,1,38,39,2021.431551,500.2041759,-1960.001887,163.855805,1,0,0,1
Whooping_Crane,1,38,39,2021.431551,500.2041759,-1960.001887,163.855805,1,0,0,1
Whooping_Crane,1,38,39,2021.431551,500.2041759,-1960.001887,163.855805,1,0,0,1
Whooping_Crane,1,38,39,2021.431551,500.2041759,-1960.001887,163.855805,1,0,0,1
Whooping_Crane,1,38,39,2021.431551,500.2041759,-1960.001887,163.855805,1,0,0,1
Whooping_Crane,1,38,39,2021.431551,500.2041759,-1960.001887,163.855805,2,0,0,1
Whooping_Crane,1,38,39,2021.431551,500.2041759,-1960.001887,163.855805,2,0,0,1
Whooping_Crane,1,38,39,2021.431551,500.2041759,-1960.001887,163.855805,2,0,0,1
Whooping_Crane,1,38,39,2021.431551,500.2041759,-1960.001887,163.855805,3,0,0,1
Whooping_Crane,1,38,39,2021.431551,500.2041759,-1960.001887,163.855805,3,0,0,1
Whooping_Crane,1,38,39,2021.431551,500.2041759,-1960.001887,163.855805,3,0,0,1
Whooping_Crane,1,38,39,2021.431551,500.2041759,-1960.001887,163.855805,3,0,0,1
Whooping_Crane,1,38,39,2021.431551,500.2041759,-1960.001887,163.855805,3,0,0,1
Whooping_Crane,1,38,39,2021.431551,500.2041759,-1960.001887,163.855805,3,0,0,1
Whooping_Crane,1,38,39,2021.431551,500.2041759,-1960.001887,163.855805,3,0,0,1
Whooping_Crane,1,38,39,2021.431551,500.2041759,-1960.001887,163.855805,3,0,0,1
Whooping_Crane,1,38,39,2021.431551,500.2041759,-1960.001887,163.855805,3,0,0,1
Whooping_Crane,1,38,39,2021.431551,500.2041759,-1960.001887,163.855805,4,0,0,1
Whooping_Crane,1,38,39,2021.431551,500.2041759,-1960.001887,163.855805,4,0,0,1
Whooping_Crane,1,38,39,2021.431551,500.2041759,-1960.001887,163.855805,4,0,0,1
Whooping_Crane,1,38,39,2021.431551,500.2041759,-1960.001887,163.855805,4,0,0,1
Whooping_Crane,1,38,39,2021.431551,500.2041759,-1960.001887,163.855805,4,0,0,1
Whooping_Crane,1,38,39,2021.431551,500.2041759,-1960.001887,163.855805,5,0,0,1
Whooping_Crane,1,38,39,2021.431551,500.2041759,-1960.001887,163.855805,5,0,0,1
Whooping_Crane,1,38,39,2021.431551,500.2041759,-1960.001887,163.855805,5,0,0,1
Whooping_Crane,1,38,39,2021.431551,500.2041759,-1960.001887,163.855805,5,0,0,1
Whooping_Crane,1,40,41,1567.352003,-463.7111746,1498.045842,344.2589828,5,0,0,1
Whooping_Crane,1,40,41,1567.352003,-463.7111746,1498.045842,344.2589828,5,0,0,1
Whooping_Crane,1,40,41,1567.352003,-463.7111746,1498.045842,344.2589828,5,0,0,1
Whooping_Crane,1,40,41,1567.352003,-463.7111746,1498.045842,344.2589828,5,0,0,1
Whooping_Crane,1,40,41,1567.352003,-463.7111746,1498.045842,344.2589828,5,0,0,1
Whooping_Crane,1,40,41,1567.352003,-463.7111746,1498.045842,344.2589828,5,0,0,1
Whooping_Crane,1,40,41,1567.352003,-463.7111746,1498.045842,344.2589828,5,0,0,1
Whooping_Crane,1,40,41,1567.352003,-463.7111746,1498.045842,344.2589828,5,0,0,1
Whooping_Crane,1,40,41,1567.352003,-463.7111746,1498.045842,344.2589828,6,0,0,1
Whooping_Crane,1,40,41,1567.352003,-463.7111746,1498.045842,344.2589828,6,0,0,1
Whooping_Crane,1,40,41,1567.352003,-463.7111746,1498.045842,344.2589828,6,0,0,1
Whooping_Crane,1,40,41,1567.352003,-463.7111746,1498.045842,344.2589828,7,0,0,1
Whooping_Crane,1,40,41,1567.352003,-463.7111746,1498.045842,344.2589828,7,0,0,1
Whooping_Crane,1,40,41,1567.352003,-463.7111746,1498.045842,344.2589828,7,0,0,1
Whooping_Crane,1,40,41,1567.352003,-463.7111746,1498.045842,344.2589828,7,0,0,1
Whooping_Crane,1,40,41,1567.352003,-463.7111746,1498.045842,344.2589828,7,0,0,1
Whooping_Crane,1,40,41,1567.352003,-463.7111746,1498.045842,344.2589828,7,0,0,1
Whooping_Crane,1,40,41,1567.352003,-463.7111746,1498.045842,344.2589828,7,0,0,1
Whooping_Crane,1,40,41,1567.352003,-463.7111746,1498.045842,344.2589828,7,0,0,1
Whooping_Crane,1,40,41,1567.352003,-463.7111746,1498.045842,344.2589828,8,0,0,1
Whooping_Crane,1,40,41,1567.352003,-463.7111746,1498.045842,344.2589828,8,0,0,1
Whooping_Crane,1,40,41,1567.352003,-463.7111746,1498.045842,344.2589828,8,0,0,1
Whooping_Crane,1,40,41,1567.352003,-463.7111746,1498.045842,344.2589828,8,0,0,1
Whooping_Crane,1,40,41,1567.352003,-463.7111746,1498.045842,344.2589828,9,0,0,1
Whooping_Crane,1,40,41,1567.352003,-463.7111746,1498.045842,344.2589828,9,0,0,1
Whooping_Crane,1,40,41,1567.352003,-463.7111746,1498.045842,344.2589828,9,0,0,1
Whooping_Crane,1,41,42,2153.00319,-895.8616608,1967.52863,340.4267924,9,0,0,1
Whooping_Crane,1,41,42,2153.00319,-895.8616608,1967.52863,340.4267924,9,0,0,1
Whooping_Crane,1,41,42,2153.00319,-895.8616608,1967.52863,340.4267924,9,0,0,1
Whooping_Crane,1,41,42,2153.00319,-895.8616608,1967.52863,340.4267924,9,0,0,1
Whooping_Crane,1,41,42,2153.00319,-895.8616608,1967.52863,340.4267924,9,0,0,1
Whooping_Crane,1,41,42,2153.00319,-895.8616608,1967.52863,340.4267924,9,0,0,1
Whooping_Crane,1,41,42,2153.00319,-895.8616608,1967.52863,340.4267924,9,0,0,1
Whooping_Crane,1,41,42,2153.00319,-895.8616608,1967.52863,340.4267924,9,0,0,1
Whooping_Crane,1,41,42,2153.00319,-895.8616608,1967.52863,340.4267924,9,0,0,1
Whooping_Crane,1,41,42,2153.00319,-895.8616608,1967.52863,340.4267924,9,0,0,1
Whooping_Crane,1,41,42,2153.00319,-895.8616608,1967.52863,340.4267924,9,0,0,1
Whooping_Crane,1,41,42,2153.00319,-895.8616608,1967.52863,340.4267924,9,0,0,1
Whooping_Crane,1,41,42,2153.00319,-895.8616608,1967.52863,340.4267924,9,0,0,1
Whooping_Crane,1,41,42,2153.00319,-895.8616608,1967.52863,340.4267924,9,0,0,1
Whooping_Crane,1,41,42,2153.00319,-895.8616608,1967.52863,340.4267924,9,0,0,1
Whooping_Crane,1,41,42,2153.00319,-895.8616608,1967.52863,340.4267924,9,0,0,1
Whooping_Crane,1,41,42,2153.00319,-895.8616608,1967.52863,340.4267924,9,0,0,1
Whooping_Crane,1,41,42,2153.00319,-895.8616608,1967.52863,340.4267924,9,0,0,1
Whooping_Crane,1,41,42,2153.00319,-895.8616608,1967.52863,340.4267924,9,0,0,1
Whooping_Crane,1,41,42,2153.00319,-895.8616608,1967.52863,340.4267924,9,0,0,1
Whooping_Crane,1,41,42,2153.00319,-895.8616608,1967.52863,340.4267924,9,0,0,1
Whooping_Crane,1,44,45,684.1593358,249.1841466,-637.3712149,157.3639235,9,0,0,1
Whooping_Crane,1,44,45,684.1593358,249.1841466,-637.3712149,157.3639235,9,0,0,1
Whooping_Crane,1,45,46,838.173018,238.0606685,-803.8191669,162.5219259,9,0,0,1
Whooping_Crane,1,45,46,838.173018,238.0606685,-803.8191669,162.5219259,9,0,0,1
Whooping_Crane,1,45,46,838.173018,238.0606685,-803.8191669,162.5219259,9,0,0,1
Whooping_Crane,1,45,46,838.173018,238.0606685,-803.8191669,162.5219259,9,0,0,1
Whooping_Crane,1,45,46,838.173018,238.0606685,-803.8191669,162.5219259,9,0,0,1
Whooping_Crane,1,45,46,838.173018,238.0606685,-803.8191669,162.5219259,9,0,0,1
Whooping_Crane,1,45,46,838.173018,238.0606685,-803.8191669,162.5219259,9,0,0,1
Whooping_Crane,1,45,46,838.173018,238.0606685,-803.8191669,162.5219259,9,0,0,1
Whooping_Crane,1,50,51,1204.762735,-428.1614337,1127.018785,341.1271433,9,0,0,1
Whooping_Crane,1,50,51,1204.762735,-428.1614337,1127.018785,341.1271433,9,0,0,1
Whooping_Crane,1,50,51,1204.762735,-428.1614337,1127.018785,341.1271433,9,0,0,1
Whooping_Crane,1,50,51,1204.762735,-428.1614337,1127.018785,341.1271433,9,0,0,1
Whooping_Crane,1,50,51,1204.762735,-428.1614337,1127.018785,341.1271433,9,0,0,1
Whooping_Crane,1,50,51,1204.762735,-428.1614337,1127.018785,341.1271433,9,0,0,1
Whooping_Crane,1,50,51,1204.762735,-428.1614337,1127.018785,341.1271433,9,0,0,1
Whooping_Crane,1,50,51,1204.762735,-428.1614337,1127.018785,341.1271433,9,0,0,1
Whooping_Crane,1,50,51,1204.762735,-428.1614337,1127.018785,341.1271433,9,0,0,1
Whooping_Crane,1,50,51,1204.762735,-428.1614337,1127.018785,341.1271433,9,0,0,1
Whooping_Crane,1,50,51,1204.762735,-428.1614337,1127.018785,341.1271433,9,0,0,1
Whooping_Crane,1,50,51,1204.762735,-428.1614337,1127.018785,341.1271433,9,0,0,1
Whooping_Crane,1,50,51,1204.762735,-428.1614337,1127.018785,341.1271433,9,0,0,1
Whooping_Crane,1,50,51,1204.762735,-428.1614337,1127.018785,341.1271433,9,0,0,1
Whooping_Crane,1,50,51,1204.762735,-428.1614337,1127.018785,341.1271433,9,0,0,1
Whooping_Crane,1,50,51,1204.762735,-428.1614337,1127.018785,341.1271433,9,0,0,1
Whooping_Crane,1,50,51,1204.762735,-428.1614337,1127.018785,341.1271433,9,0,0,1
Whooping_Crane,1,50,51,1204.762735,-428.1614337,1127.018785,341.1271433,9,0,0,1
Whooping_Crane,1,50,51,1204.762735,-428.1614337,1127.018785,341.1271433,9,0,0,1
Whooping_Crane,1,50,51,1204.762735,-428.1614337,1127.018785,341.1271433,9,0,0,1
Whooping_Crane,1,50,51,1204.762735,-428.1614337,1127.018785,341.1271433,9,0,0,1
Whooping_Crane,1,50,51,1204.762735,-428.1614337,1127.018785,341.1271433,9,0,0,1
Whooping_Crane,1,50,51,1204.762735,-428.1614337,1127.018785,341.1271433,9,0,0,1
Whooping_Crane,1,50,51,1204.762735,-428.1614337,1127.018785,341.1271433,9,0,0,1
Whooping_Crane,1,50,51,1204.762735,-428.1614337,1127.018785,341.1271433,9,0,0,1
Whooping_Crane,1,50,51,1204.762735,-428.1614337,1127.018785,341.1271433,9,0,0,1
Whooping_Crane,1,50,51,1204.762735,-428.1614337,1127.018785,341.1271433,9,0,0,1
Whooping_Crane,1,50,51,1204.762735,-428.1614337,1127.018785,341.1271433,9,0,0,1
Whooping_Crane,1,50,51,1204.762735,-428.1614337,1127.018785,341.1271433,9,0,0,1
Whooping_Crane,1,50,51,1204.762735,-428.1614337,1127.018785,341.1271433,9,0,0,1
Whooping_Crane,1,50,51,1204.762735,-428.1614337,1127.018785,341.1271433,9,0,0,1
Whooping_Crane,1,53,54,1266.911862,555.2274356,-1140.502489,151.2636679,9,0,0,1
Whooping_Crane,1,53,54,1266.911862,555.2274356,-1140.502489,151.2636679,9,0,0,1
Whooping_Crane,1,53,54,1266.911862,555.2274356,-1140.502489,151.2636679,9,0,0,1
Whooping_Crane,1,53,54,1266.911862,555.2274356,-1140.502489,151.2636679,9,0,0,1
Whooping_Crane,1,53,54,1266.911862,555.2274356,-1140.502489,151.2636679,9,0,0,1
Whooping_Crane,1,53,54,1266.911862,555.2274356,-1140.502489,151.2636679,9,0,0,1
Whooping_Crane,1,53,54,1266.911862,555.2274356,-1140.502489,151.2636679,9,0,0,1
Whooping_Crane,1,53,54,1266.911862,555.2274356,-1140.502489,151.2636679,9,0,0,1
Whooping_Crane,1,53,54,1266.911862,555.2274356,-1140.502489,151.2636679,9,0,0,1
Whooping_Crane,1,53,54,1266.911862,555.2274356,-1140.502489,151.2636679,9,0,0,1
Whooping_Crane,1,53,54,1266.911862,555.2274356,-1140.502489,151.2636679,9,0,0,1
Whooping_Crane,1,53,54,1266.911862,555.2274356,-1140.502489,151.2636679,9,0,0,1
Whooping_Crane,1,53,54,1266.911862,555.2274356,-1140.502489,151.2636679,9,0,0,1
Whooping_Crane,1,53,54,1266.911862,555.2274356,-1140.502489,151.2636679,9,0,0,1
Whooping_Crane,1,53,54,1266.911862,555.2274356,-1140.502489,151.2636679,9,0,0,1
Whooping_Crane,1,53,54,1266.911862,555.2274356,-1140.502489,151.2636679,9,0,0,1
Whooping_Crane,1,53,54,1266.911862,555.2274356,-1140.502489,151.2636679,9,0,0,1
Whooping_Crane,1,53,54,1266.911862,555.2274356,-1140.502489,151.2636679,9,0,0,1
Whooping_Crane,1,53,54,1266.911862,555.2274356,-1140.502489,151.2636679,9,0,0,1
Whooping_Crane,1,53,54,1266.911862,555.2274356,-1140.502489,151.2636679,9,0,0,1
Whooping_Crane,1,53,54,1266.911862,555.2274356,-1140.502489,151.2636679,9,0,0,1
Whooping_Crane,1,53,54,1266.911862,555.2274356,-1140.502489,151.2636679,9,0,0,1
Whooping_Crane,1,53,54,1266.911862,555.2274356,-1140.502489,151.2636679,9,0,0,1
Whooping_Crane,1,53,54,1266.911862,555.2274356,-1140.502489,151.2636679,9,0,0,1
Whooping_Crane,1,53,54,1266.911862,555.2274356,-1140.502489,151.2636679,9,0,0,1
Whooping_Crane,1,53,54,1266.911862,555.2274356,-1140.502489,151.2636679,9,0,0,1
Whooping_Crane,1,53,54,1266.911862,555.2274356,-1140.502489,151.2636679,9,0,0,1
Whooping_Crane,1,53,54,1266.911862,555.2274356,-1140.502489,151.2636679,9,0,0,1
Whooping_Crane,1,53,54,1266.911862,555.2274356,-1140.502489,151.2636679,9,0,0,1
Whooping_Crane,1,53,54,1266.911862,555.2274356,-1140.502489,151.2636679,9,0,0,1
Whooping_Crane,1,56,57,1118.939197,227.050288,-1095.798597,167.5909071,9,0,0,1
Whooping_Crane,1,56,57,1118.939197,227.050288,-1095.798597,167.5909071,9,0,0,1
Whooping_Crane,1,56,57,1118.939197,227.050288,-1095.798597,167.5909071,9,0,0,1
Whooping_Crane,1,56,57,1118.939197,227.050288,-1095.798597,167.5909071,9,0,0,1
Whooping_Crane,1,56,57,1118.939197,227.050288,-1095.798597,167.5909071,9,0,0,1
Whooping_Crane,1,57,58,1239.640179,-467.0822529,1148.909313,339.2634289,9,0,0,1
Whooping_Crane,1,57,58,1239.640179,-467.0822529,1148.909313,339.2634289,9,0,0,1
Whooping_Crane,1,57,58,1239.640179,-467.0822529,1148.909313,339.2634289,9,0,0,1
Whooping_Crane,1,57,58,1239.640179,-467.0822529,1148.909313,339.2634289,9,0,0,1
Whooping_Crane,1,57,58,1239.640179,-467.0822529,1148.909313,339.2634289,9,0,0,1
Whooping_Crane,1,57,58,1239.640179,-467.0822529,1148.909313,339.2634289,9,0,0,1
Whooping_Crane,1,57,58,1239.640179,-467.0822529,1148.909313,339.2634289,9,0,0,1
Whooping_Crane,1,57,58,1239.640179,-467.0822529,1148.909313,339.2634289,9,0,0,1
Whooping_Crane,1,57,58,1239.640179,-467.0822529,1148.909313,339.2634289,9,0,0,1
Whooping_Crane,1,58,59,916.0449948,-127.0262011,907.2504838,352.5627399,9,0,0,1
Whooping_Crane,1,58,59,916.0449948,-127.0262011,907.2504838,352.5627399,9,0,0,1
Whooping_Crane,1,61,62,3795.41043,1292.020907,-3593.528364,153.9823939,9,0,0,1
Whooping_Crane,1,61,62,3795.41043,1292.020907,-3593.528364,153.9823939,9,0,0,1
Whooping_Crane,1,61,62,3795.41043,1292.020907,-3593.528364,153.9823939,9,0,0,1
Whooping_Crane,1,61,62,3795.41043,1292.020907,-3593.528364,153.9823939,9,0,0,1
Whooping_Crane,1,61,62,3795.41043,1292.020907,-3593.528364,153.9823939,9,0,0,1
Whooping_Crane,1,61,62,3795.41043,1292.020907,-3593.528364,153.9823939,9,0,0,1
Whooping_Crane,1,61,62,3795.41043,1292.020907,-3593.528364,153.9823939,9,0,0,1
Whooping_Crane,1,61,62,3795.41043,1292.020907,-3593.528364,153.9823939,9,0,0,1
Whooping_Crane,1,61,62,3795.41043,1292.020907,-3593.528364,153.9823939,9,0,0,1
Whooping_Crane,1,61,62,3795.41043,1292.020907,-3593.528364,153.9823939,9,0,0,1
Whooping_Crane,1,61,62,3795.41043,1292.020907,-3593.528364,153.9823939,9,0,0,1
Whooping_Crane,1,61,62,3795.41043,1292.020907,-3593.528364,153.9823939,9,0,0,1
Whooping_Crane,1,61,62,3795.41043,1292.020907,-3593.528364,153.9823939,9,0,0,1
Whooping_Crane,1,61,62,3795.41043,1292.020907,-3593.528364,153.9823939,9,0,0,1
Whooping_Crane,1,61,62,3795.41043,1292.020907,-3593.528364,153.9823939,9,0,0,1
Whooping_Crane,1,61,62,3795.41043,1292.020907,-3593.528364,153.9823939,9,0,0,1
Whooping_Crane,1,61,62,3795.41043,1292.020907,-3593.528364,153.9823939,9,0,0,1
Whooping_Crane,1,61,62,3795.41043,1292.020907,-3593.528364,153.9823939,9,0,0,1
Whooping_Crane,1,61,62,3795.41043,1292.020907,-3593.528364,153.9823939,9,0,0,1
Whooping_Crane,1,61,62,3795.41043,1292.020907,-3593.528364,153.9823939,9,0,0,1
Whooping_Crane,1,61,62,3795.41043,1292.020907,-3593.528364,153.9823939,9,0,0,1
Whooping_Crane,1,61,62,3795.41043,1292.020907,-3593.528364,153.9823939,9,0,0,1
Whooping_Crane,1,61,62,3795.41043,1292.020907,-3593.528364,153.9823939,9,0,0,1
Whooping_Crane,1,61,62,3795.41043,1292.020907,-3593.528364,153.9823939,9,0,0,1
Whooping_Crane,1,61,62,3795.41043,1292.020907,-3593.528364,153.9823939,9,0,0,1
Whooping_Crane,1,61,62,3795.41043,1292.020907,-3593.528364,153.9823939,9,0,0,1
Whooping_Crane,1,61,62,3795.41043,1292.020907,-3593.528364,153.9823939,9,0,0,1
Whooping_Crane,1,61,62,3795.41043,1292.020907,-3593.528364,153.9823939,9,0,0,1
Whooping_Crane,1,61,62,3795.41043,1292.020907,-3593.528364,153.9823939,9,0,0,1
Whooping_Crane,1,61,62,3795.41043,1292.020907,-3593.528364,153.9823939,9,0,0,1
Whooping_Crane,1,61,62,3795.41043,1292.020907,-3593.528364,153.9823939,9,0,0,1
Whooping_Crane,1,61,62,3795.41043,1292.020907,-3593.528364,153.9823939,9,0,0,1
Whooping_Crane,1,61,62,3795.41043,1292.020907,-3593.528364,153.9823939,9,0,0,1
Whooping_Crane,1,61,62,3795.41043,1292.020907,-3593.528364,153.9823939,9,0,0,1
Whooping_Crane,1,61,62,3795.41043,1292.020907,-3593.528364,153.9823939,9,0,0,1
Whooping_Crane,1,61,62,3795.41043,1292.020907,-3593.528364,153.9823939,9,0,0,1
Whooping_Crane,1,61,62,3795.41043,1292.020907,-3593.528364,153.9823939,9,0,0,1
Whooping_Crane,1,61,62,3795.41043,1292.020907,-3593.528364,153.9823939,9,0,0,1
Whooping_Crane,1,61,62,3795.41043,1292.020907,-3593.528364,153.9823939,9,0,0,1
Whooping_Crane,1,61,62,3795.41043,1292.020907,-3593.528364,153.9823939,9,0,0,1
Whooping_Crane,1,61,62,3795.41043,1292.020907,-3593.528364,153.9823939,9,0,0,1
Whooping_Crane,1,61,62,3795.41043,1292.020907,-3593.528364,153.9823939,9,0,0,1
Whooping_Crane,1,61,62,3795.41043,1292.020907,-3593.528364,153.9823939,9,0,0,1
Whooping_Crane,1,61,62,3795.41043,1292.020907,-3593.528364,153.9823939,9,0,0,1
Whooping_Crane,1,61,62,3795.41043,1292.020907,-3593.528364,153.9823939,9,0,0,1
Whooping_Crane,1,61,62,3795.41043,1292.020907,-3593.528364,153.9823939,9,0,0,1
Whooping_Crane,1,61,62,3795.41043,1292.020907,-3593.528364,153.9823939,9,0,0,1
Whooping_Crane,1,61,62,3795.41043,1292.020907,-3593.528364,153.9823939,9,0,0,1
Whooping_Crane,1,61,62,3795.41043,1292.020907,-3593.528364,153.9823939,9,0,0,1
Whooping_Crane,1,61,62,3795.41043,1292.020907,-3593.528364,153.9823939,9,0,0,1
Whooping_Crane,1,61,62,3795.41043,1292.020907,-3593.528364,153.9823939,9,0,0,1
Whooping_Crane,1,61,62,3795.41043,1292.020907,-3593.528364,153.9823939,9,0,0,1
Whooping_Crane,1,61,62,3795.41043,1292.020907,-3593.528364,153.9823939,9,0,0,1
Whooping_Crane,1,61,62,3795.41043,1292.020907,-3593.528364,153.9823939,9,0,0,1
Whooping_Crane,1,61,62,3795.41043,1292.020907,-3593.528364,153.9823939,9,0,0,1
Whooping_Crane,1,61,62,3795.41043,1292.020907,-3593.528364,153.9823939,9,0,0,1
Whooping_Crane,1,61,62,3795.41043,1292.020907,-3593.528364,153.9823939,9,0,0,1
Whooping_Crane,1,61,62,3795.41043,1292.020907,-3593.528364,153.9823939,9,0,0,1
Whooping_Crane,1,61,62,3795.41043,1292.020907,-3593.528364,153.9823939,9,0,0,1
Whooping_Crane,1,61,62,3795.41043,1292.020907,-3593.528364,153.9823939,9,0,0,1
Whooping_Crane,1,61,62,3795.41043,1292.020907,-3593.528364,153.9823939,9,0,0,1
Whooping_Crane,1,61,62,3795.41043,1292.020907,-3593.528364,153.9823939,9,0,0,1
Whooping_Crane,1,61,62,3795.41043,1292.020907,-3593.528364,153.9823939,10,0,0,2
Whooping_Crane,1,61,62,3795.41043,1292.020907,-3593.528364,153.9823939,10,0,0,2
Whooping_Crane,1,61,62,3795.41043,1292.020907,-3593.528364,153.9823939,10,0,0,2
Whooping_Crane,1,61,62,3795.41043,1292.020907,-3593.528364,153.9823939,10,0,0,2
Whooping_Crane,1,61,62,3795.41043,1292.020907,-3593.528364,153.9823939,10,0,0,2
Whooping_Crane,1,61,62,3795.41043,1292.020907,-3593.528364,153.9823939,10,0,0,2
Whooping_Crane,1,61,62,3795.41043,1292.020907,-3593.528364,153.9823939,10,0,0,2
Whooping_Crane,1,61,62,3795.41043,1292.020907,-3593.528364,153.9823939,10,0,0,2
Whooping_Crane,1,61,62,3795.41043,1292.020907,-3593.528364,153.9823939,10,0,0,2
Whooping_Crane,1,61,62,3795.41043,1292.020907,-3593.528364,153.9823939,10,0,0,2
Whooping_Crane,1,61,62,3795.41043,1292.020907,-3593.528364,153.9823939,10,0,0,2
Whooping_Crane,1,61,62,3795.41043,1292.020907,-3593.528364,153.9823939,10,0,0,2
Whooping_Crane,1,61,62,3795.41043,1292.020907,-3593.528364,153.9823939,10,0,0,2
Whooping_Crane,1,61,62,3795.41043,1292.020907,-3593.528364,153.9823939,10,0,0,2
Whooping_Crane,1,61,62,3795.41043,1292.020907,-3593.528364,153.9823939,10,0,0,2
Whooping_Crane,1,61,62,3795.41043,1292.020907,-3593.528364,153.9823939,10,0,0,2
Whooping_Crane,1,61,62,3795.41043,1292.020907,-3593.528364,153.9823939,10,0,0,2
Whooping_Crane,1,61,62,3795.41043,1292.020907,-3593.528364,153.9823939,10,0,0,2
Whooping_Crane,1,61,62,3795.41043,1292.020907,-3593.528364,153.9823939,10,0,0,2
Whooping_Crane,1,61,62,3795.41043,1292.020907,-3593.528364,153.9823939,10,0,0,2
Whooping_Crane,1,61,62,3795.41043,1292.020907,-3593.528364,153.9823939,10,0,0,2
Whooping_Crane,1,61,62,3795.41043,1292.020907,-3593.528364,153.9823939,10,0,0,2
Whooping_Crane,1,61,62,3795.41043,1292.020907,-3593.528364,153.9823939,10,0,0,2
Whooping_Crane,1,61,62,3795.41043,1292.020907,-3593.528364,153.9823939,10,0,0,2
Whooping_Crane,1,61,62,3795.41043,1292.020907,-3593.528364,153.9823939,10,0,0,2
Whooping_Crane,1,61,62,3795.41043,1292.020907,-3593.528364,153.9823939,10,0,0,2
Whooping_Crane,1,61,62,3795.41043,1292.020907,-3593.528364,153.9823939,10,0,0,2
Whooping_Crane,1,61,62,3795.41043,1292.020907,-3593.528364,153.9823939,10,0,0,2
Whooping_Crane,1,61,62,3795.41043,1292.020907,-3593.528364,153.9823939,10,0,0,2
Whooping_Crane,1,61,62,3795.41043,1292.020907,-3593.528364,153.9823939,10,0,0,2
Whooping_Crane,1,61,62,3795.41043,1292.020907,-3593.528364,153.9823939,10,0,0,2
Whooping_Crane,1,62,63,1435.133806,-153.34185,1427.001188,354.3274429,10,0,0,2
Whooping_Crane,1,62,63,1435.133806,-153.34185,1427.001188,354.3274429,10,0,0,2
Whooping_Crane,1,62,63,1435.133806,-153.34185,1427.001188,354.3274429,10,0,0,2
Whooping_Crane,1,62,63,1435.133806,-153.34185,1427.001188,354.3274429,11,0,0,2
Whooping_Crane,1,62,63,1435.133806,-153.34185,1427.001188,354.3274429,11,0,0,2
Whooping_Crane,1,62,63,1435.133806,-153.34185,1427.001188,354.3274429,11,0,0,2
Whooping_Crane,1,64,65,682.2794397,-330.9289284,596.9490626,332.4997263,11,0,0,2
Whooping_Crane,1,64,65,682.2794397,-330.9289284,596.9490626,332.4997263,11,0,0,2
Whooping_Crane,1,64,65,682.2794397,-330.9289284,596.9490626,332.4997263,11,0,0,2
Whooping_Crane,1,64,65,682.2794397,-330.9289284,596.9490626,332.4997263,11,0,0,2
Whooping_Crane,1,64,65,682.2794397,-330.9289284,596.9490626,332.4997263,11,0,0,2
Whooping_Crane,1,64,65,682.2794397,-330.9289284,596.9490626,332.4997263,11,0,0,2
Whooping_Crane,1,64,65,682.2794397,-330.9289284,596.9490626,332.4997263,11,0,0,2
Whooping_Crane,1,64,65,682.2794397,-330.9289284,596.9490626,332.4997263,11,0,0,2
Whooping_Crane,1,64,65,682.2794397,-330.9289284,596.9490626,332.4997263,11,0,0,2
Whooping_Crane,1,64,65,682.2794397,-330.9289284,596.9490626,332.4997263,11,0,0,2
Whooping_Crane,1,64,65,682.2794397,-330.9289284,596.9490626,332.4997263,11,0,0,2
Whooping_Crane,1,64,65,682.2794397,-330.9289284,596.9490626,332.4997263,11,0,0,2
Whooping_Crane,1,64,65,682.2794397,-330.9289284,596.9490626,332.4997263,11,0,0,2
Whooping_Crane,1,64,65,682.2794397,-330.9289284,596.9490626,332.4997263,11,0,0,2
Whooping_Crane,1,64,65,682.2794397,-330.9289284,596.9490626,332.4997263,11,0,0,2
Whooping_Crane,1,64,65,682.2794397,-330.9289284,596.9490626,332.4997263,11,0,0,2
Whooping_Crane,1,64,65,682.2794397,-330.9289284,596.9490626,332.4997263,11,0,0,2
Whooping_Crane,1,64,65,682.2794397,-330.9289284,596.9490626,332.4997263,11,0,0,2
Whooping_Crane,1,64,65,682.2794397,-330.9289284,596.9490626,332.4997263,11,0,0,2
Whooping_Crane,1,64,65,682.2794397,-330.9289284,596.9490626,332.4997263,11,0,0,2
Whooping_Crane,1,70,71,1463.472892,569.9763581,-1349.859986,154.4131273,11,0,0,2
Whooping_Crane,1,70,71,1463.472892,569.9763581,-1349.859986,154.4131273,11,0,0,2
Whooping_Crane,1,70,71,1463.472892,569.9763581,-1349.859986,154.4131273,11,0,0,2
Whooping_Crane,1,70,71,1463.472892,569.9763581,-1349.859986,154.4131273,11,0,0,2
Whooping_Crane,1,70,71,1463.472892,569.9763581,-1349.859986,154.4131273,11,0,0,2
Whooping_Crane,1,70,71,1463.472892,569.9763581,-1349.859986,154.4131273,11,0,0,2
Whooping_Crane,1,70,71,1463.472892,569.9763581,-1349.859986,154.4131273,11,0,0,2
Whooping_Crane,1,70,71,1463.472892,569.9763581,-1349.859986,154.4131273,11,0,0,2
Whooping_Crane,1,70,71,1463.472892,569.9763581,-1349.859986,154.4131273,11,0,0,2
Whooping_Crane,1,70,71,1463.472892,569.9763581,-1349.859986,154.4131273,11,0,0,2
Whooping_Crane,1,70,71,1463.472892,569.9763581,-1349.859986,154.4131273,11,0,0,2
Whooping_Crane,1,70,71,1463.472892,569.9763581,-1349.859986,154.4131273,11,0,0,2
Whooping_Crane,1,70,71,1463.472892,569.9763581,-1349.859986,154.4131273,11,0,0,2
Whooping_Crane,1,70,71,1463.472892,569.9763581,-1349.859986,154.4131273,11,0,0,2
Whooping_Crane,1,70,71,1463.472892,569.9763581,-1349.859986,154.4131273,11,0,0,2
Whooping_Crane,1,70,71,1463.472892,569.9763581,-1349.859986,154.4131273,11,0,0,2
Whooping_Crane,1,70,71,1463.472892,569.9763581,-1349.859986,154.4131273,11,0,0,2
Whooping_Crane,1,70,71,1463.472892,569.9763581,-1349.859986,154.4131273,11,0,0,2
Whooping_Crane,1,70,71,1463.472892,569.9763581,-1349.859986,154.4131273,11,0,0,2
Whooping_Crane,1,70,71,1463.472892,569.9763581,-1349.859986,154.4131273,11,0,0,2
Whooping_Crane,1,70,71,1463.472892,569.9763581,-1349.859986,154.4131273,11,0,0,2
Whooping_Crane,1,70,71,1463.472892,569.9763581,-1349.859986,154.4131273,11,0,0,2
Whooping_Crane,1,70,71,1463.472892,569.9763581,-1349.859986,154.4131273,11,0,0,2
Whooping_Crane,1,70,71,1463.472892,569.9763581,-1349.859986,154.4131273,11,0,0,2
Whooping_Crane,1,70,71,1463.472892,569.9763581,-1349.859986,154.4131273,11,0,0,2
Whooping_Crane,1,70,71,1463.472892,569.9763581,-1349.859986,154.4131273,11,0,0,2
Whooping_Crane,1,70,71,1463.472892,569.9763581,-1349.859986,154.4131273,11,0,0,2
Whooping_Crane,1,70,71,1463.472892,569.9763581,-1349.859986,154.4131273,11,0,0,2
Whooping_Crane,1,70,71,1463.472892,569.9763581,-1349.859986,154.4131273,11,0,0,2
Whooping_Crane,1,70,71,1463.472892,569.9763581,-1349.859986,154.4131273,11,0,0,2
Whooping_Crane,1,70,71,1463.472892,569.9763581,-1349.859986,154.4131273,11,0,0,2
Whooping_Crane,1,70,71,1463.472892,569.9763581,-1349.859986,154.4131273,11,0,0,2
Whooping_Crane,1,70,71,1463.472892,569.9763581,-1349.859986,154.4131273,11,0,0,2
Whooping_Crane,1,71,72,1203.76754,164.6432353,-1192.534296,171.6236587,11,0,0,2
Whooping_Crane,1,71,72,1203.76754,164.6432353,-1192.534296,171.6236587,11,0,0,2
Whooping_Crane,1,71,72,1203.76754,164.6432353,-1192.534296,171.6236587,11,0,0,2
Whooping_Crane,1,71,72,1203.76754,164.6432353,-1192.534296,171.6236587,11,0,0,2
Whooping_Crane,1,71,72,1203.76754,164.6432353,-1192.534296,171.6236587,11,0,0,2
Whooping_Crane,1,71,72,1203.76754,164.6432353,-1192.534296,171.6236587,11,0,0,2
Whooping_Crane,1,71,72,1203.76754,164.6432353,-1192.534296,171.6236587,11,0,0,2
Whooping_Crane,1,71,72,1203.76754,164.6432353,-1192.534296,171.6236587,11,0,0,2
Whooping_Crane,1,73,74,2153.017709,-606.6479275,2068.057809,345.7293539,11,0,0,2
Whooping_Crane,1,73,74,2153.017709,-606.6479275,2068.057809,345.7293539,11,0,0,2
Whooping_Crane,1,73,74,2153.017709,-606.6479275,2068.057809,345.7293539,11,0,0,2
Whooping_Crane,1,73,74,2153.017709,-606.6479275,2068.057809,345.7293539,11,0,0,2
Whooping_Crane,1,73,74,2153.017709,-606.6479275,2068.057809,345.7293539,11,0,0,2
Whooping_Crane,1,73,74,2153.017709,-606.6479275,2068.057809,345.7293539,11,0,0,2
Whooping_Crane,1,73,74,2153.017709,-606.6479275,2068.057809,345.7293539,11,0,0,2
Whooping_Crane,1,73,74,2153.017709,-606.6479275,2068.057809,345.7293539,11,0,0,2
Whooping_Crane,1,73,74,2153.017709,-606.6479275,2068.057809,345.7293539,11,0,0,2
Whooping_Crane,1,73,74,2153.017709,-606.6479275,2068.057809,345.7293539,11,0,0,2
Whooping_Crane,1,73,74,2153.017709,-606.6479275,2068.057809,345.7293539,11,0,0,2
Whooping_Crane,1,73,74,2153.017709,-606.6479275,2068.057809,345.7293539,11,0,0,2
Whooping_Crane,1,73,74,2153.017709,-606.6479275,2068.057809,345.7293539,11,0,0,2
Whooping_Crane,1,73,74,2153.017709,-606.6479275,2068.057809,345.7293539,11,0,0,2
Whooping_Crane,1,73,74,2153.017709,-606.6479275,2068.057809,345.7293539,11,0,0,2
Whooping_Crane,1,73,74,2153.017709,-606.6479275,2068.057809,345.7293539,11,0,0,2
Whooping_Crane,1,73,74,2153.017709,-606.6479275,2068.057809,345.7293539,11,0,0,2
Whooping_Crane,1,73,74,2153.017709,-606.6479275,2068.057809,345.7293539,11,0,0,2
Whooping_Crane,1,73,74,2153.017709,-606.6479275,2068.057809,345.7293539,11,0,0,2
Whooping_Crane,1,73,74,2153.017709,-606.6479275,2068.057809,345.7293539,11,0,0,2
Whooping_Crane,1,73,74,2153.017709,-606.6479275,2068.057809,345.7293539,11,0,0,2
Whooping_Crane,1,73,74,2153.017709,-606.6479275,2068.057809,345.7293539,11,0,0,2
Whooping_Crane,1,73,74,2153.017709,-606.6479275,2068.057809,345.7293539,11,0,0,2
Whooping_Crane,1,73,74,2153.017709,-606.6479275,2068.057809,345.7293539,11,0,0,2
Whooping_Crane,1,73,74,2153.017709,-606.6479275,2068.057809,345.7293539,11,0,0,2
Whooping_Crane,1,73,74,2153.017709,-606.6479275,2068.057809,345.7293539,11,0,0,2
Whooping_Crane,1,73,74,2153.017709,-606.6479275,2068.057809,345.7293539,11,0,0,2
Whooping_Crane,1,73,74,2153.017709,-606.6479275,2068.057809,345.7293539,11,0,0,2
Whooping_Crane,1,73,74,2153.017709,-606.6479275,2068.057809,345.7293539,11,0,0,2
Whooping_Crane,1,73,74,2153.017709,-606.6479275,2068.057809,345.7293539,11,0,0,2
Whooping_Crane,1,73,74,2153.017709,-606.6479275,2068.057809,345.7293539,11,0,0,2
Whooping_Crane,1,73,74,2153.017709,-606.6479275,2068.057809,345.7293539,11,0,0,2
Whooping_Crane,1,73,74,2153.017709,-606.6479275,2068.057809,345.7293539,11,0,0,2
Whooping_Crane,1,73,74,2153.017709,-606.6479275,2068.057809,345.7293539,11,0,0,2
Whooping_Crane,1,73,74,2153.017709,-606.6479275,2068.057809,345.7293539,11,0,0,2
Whooping_Crane,1,73,74,2153.017709,-606.6479275,2068.057809,345.7293539,11,0,0,2
Whooping_Crane,1,73,74,2153.017709,-606.6479275,2068.057809,345.7293539,11,0,0,2
Whooping_Crane,1,73,74,2153.017709,-606.6479275,2068.057809,345.7293539,11,0,0,2
Whooping_Crane,1,73,74,2153.017709,-606.6479275,2068.057809,345.7293539,11,0,0,2
Whooping_Crane,1,80,81,1517.922313,392.2036492,-1467.298123,163.2520266,11,0,0,2
Whooping_Crane,1,80,81,1517.922313,392.2036492,-1467.298123,163.2520266,11,0,0,2
Whooping_Crane,1,80,81,1517.922313,392.2036492,-1467.298123,163.2520266,11,0,0,2
Whooping_Crane,1,80,81,1517.922313,392.2036492,-1467.298123,163.2520266,11,0,0,2
Whooping_Crane,1,80,81,1517.922313,392.2036492,-1467.298123,163.2520266,11,0,0,2
Whooping_Crane,1,80,81,1517.922313,392.2036492,-1467.298123,163.2520266,11,0,0,2
Whooping_Crane,1,80,81,1517.922313,392.2036492,-1467.298123,163.2520266,11,0,0,2
Whooping_Crane,1,80,81,1517.922313,392.2036492,-1467.298123,163.2520266,11,0,0,2
Whooping_Crane,1,80,81,1517.922313,392.2036492,-1467.298123,163.2520266,11,0,0,2
Whooping_Crane,1,80,81,1517.922313,392.2036492,-1467.298123,163.2520266,11,0,0,2
Whooping_Crane,1,80,81,1517.922313,392.2036492,-1467.298123,163.2520266,11,0,0,2
Whooping_Crane,1,80,81,1517.922313,392.2036492,-1467.298123,163.2520266,11,0,0,2
Whooping_Crane,1,80,81,1517.922313,392.2036492,-1467.298123,163.2520266,11,0,0,2
Whooping_Crane,1,80,81,1517.922313,392.2036492,-1467.298123,163.2520266,11,0,0,2
Whooping_Crane,1,80,81,1517.922313,392.2036492,-1467.298123,163.2520266,11,0,0,2
Whooping_Crane,1,80,81,1517.922313,392.2036492,-1467.298123,163.2520266,11,0,0,2
Whooping_Crane,1,80,81,1517.922313,392.2036492,-1467.298123,163.2520266,11,0,0,2
Whooping_Crane,1,80,81,1517.922313,392.2036492,-1467.298123,163.2520266,11,0,0,2
Whooping_Crane,1,80,81,1517.922313,392.2036492,-1467.298123,163.2520266,11,0,0,2
Whooping_Crane,1,80,81,1517.922313,392.2036492,-1467.298123,163.2520266,11,0,0,2
Whooping_Crane,1,80,81,1517.922313,392.2036492,-1467.298123,163.2520266,11,0,0,2
Whooping_Crane,1,80,81,1517.922313,392.2036492,-1467.298123,163.2520266,11,0,0,2
Whooping_Crane,1,80,81,1517.922313,392.2036492,-1467.298123,163.2520266,11,0,0,2
Whooping_Crane,1,80,81,1517.922313,392.2036492,-1467.298123,163.2520266,11,0,0,2
Whooping_Crane,1,80,81,1517.922313,392.2036492,-1467.298123,163.2520266,11,0,0,2
Whooping_Crane,1,80,81,1517.922313,392.2036492,-1467.298123,163.2520266,11,0,0,2
Whooping_Crane,1,80,81,1517.922313,392.2036492,-1467.298123,163.2520266,11,0,0,2
Whooping_Crane,1,80,81,1517.922313,392.2036492,-1467.298123,163.2520266,11,0,0,2
Whooping_Crane,1,80,81,1517.922313,392.2036492,-1467.298123,163.2520266,11,0,0,2
Whooping_Crane,1,82,83,1302.292348,-595.9682407,1159.978581,335.660608,11,0,0,2
Whooping_Crane,1,82,83,1302.292348,-595.9682407,1159.978581,335.660608,11,0,0,2
Whooping_Crane,1,82,83,1302.292348,-595.9682407,1159.978581,335.660608,11,0,0,2
Whooping_Crane,1,82,83,1302.292348,-595.9682407,1159.978581,335.660608,11,0,0,2
Whooping_Crane,1,82,83,1302.292348,-595.9682407,1159.978581,335.660608,11,0,0,2
Whooping_Crane,1,82,83,1302.292348,-595.9682407,1159.978581,335.660608,11,0,0,2
Whooping_Crane,1,82,83,1302.292348,-595.9682407,1159.978581,335.660608,11,0,0,2
Whooping_Crane,1,82,83,1302.292348,-595.9682407,1159.978581,335.660608,11,0,0,2
Whooping_Crane,1,82,83,1302.292348,-595.9682407,1159.978581,335.660608,11,0,0,2
Whooping_Crane,1,82,83,1302.292348,-595.9682407,1159.978581,335.660608,11,0,0,2
Whooping_Crane,1,82,83,1302.292348,-595.9682407,1159.978581,335.660608,11,0,0,2
Whooping_Crane,1,82,83,1302.292348,-595.9682407,1159.978581,335.660608,11,0,0,2
Whooping_Crane,1,82,83,1302.292348,-595.9682407,1159.978581,335.660608,11,0,0,2
Whooping_Crane,1,82,83,1302.292348,-595.9682407,1159.978581,335.660608,11,0,0,2
Whooping_Crane,1,82,83,1302.292348,-595.9682407,1159.978581,335.660608,11,0,0,2
Whooping_Crane,1,82,83,1302.292348,-595.9682407,1159.978581,335.660608,11,0,0,2
Whooping_Crane,1,82,83,1302.292348,-595.9682407,1159.978581,335.660608,11,0,0,2
Whooping_Crane,1,82,83,1302.292348,-595.9682407,1159.978581,335.660608,11,0,0,2
Whooping_Crane,1,82,83,1302.292348,-595.9682407,1159.978581,335.660608,11,0,0,2
Whooping_Crane,1,82,83,1302.292348,-595.9682407,1159.978581,335.660608,11,0,0,2
Whooping_Crane,1,82,83,1302.292348,-595.9682407,1159.978581,335.660608,11,0,0,2
Whooping_Crane,1,82,83,1302.292348,-595.9682407,1159.978581,335.660608,11,0,0,2
Whooping_Crane,1,82,83,1302.292348,-595.9682407,1159.978581,335.660608,11,0,0,2
Whooping_Crane,1,82,83,1302.292348,-595.9682407,1159.978581,335.660608,11,0,0,2
Whooping_Crane,1,82,83,1302.292348,-595.9682407,1159.978581,335.660608,11,0,0,2
Whooping_Crane,1,82,83,1302.292348,-595.9682407,1159.978581,335.660608,11,0,0,2
Whooping_Crane,1,82,83,1302.292348,-595.9682407,1159.978581,335.660608,11,0,0,2
Whooping_Crane,1,82,83,1302.292348,-595.9682407,1159.978581,335.660608,11,0,0,2
Whooping_Crane,1,82,83,1302.292348,-595.9682407,1159.978581,335.660608,11,0,0,2
Whooping_Crane,1,82,83,1302.292348,-595.9682407,1159.978581,335.660608,11,0,0,2
Whooping_Crane,1,84,85,1675.700027,597.8541974,-1567.611799,156.4951005,11,0,0,2
Whooping_Crane,1,84,85,1675.700027,597.8541974,-1567.611799,156.4951005,11,0,0,2
Whooping_Crane,1,84,85,1675.700027,597.8541974,-1567.611799,156.4951005,11,0,0,2
Whooping_Crane,1,84,85,1675.700027,597.8541974,-1567.611799,156.4951005,11,0,0,2
Whooping_Crane,1,84,85,1675.700027,597.8541974,-1567.611799,156.4951005,11,0,0,2
Whooping_Crane,1,84,85,1675.700027,597.8541974,-1567.611799,156.4951005,11,0,0,2
Whooping_Crane,1,84,85,1675.700027,597.8541974,-1567.611799,156.4951005,11,0,1,3
Whooping_Crane,1,84,85,1675.700027,597.8541974,-1567.611799,156.4951005,11,0,2,4
Whooping_Crane,1,84,85,1675.700027,597.8541974,-1567.611799,156.4951005,11,0,3,5
Whooping_Crane,1,84,85,1675.700027,597.8541974,-1567.611799,156.4951005,11,0,4,6
Whooping_Crane,1,84,85,1675.700027,597.8541974,-1567.611799,156.4951005,11,0,5,7
Whooping_Crane,1,84,85,1675.700027,597.8541974,-1567.611799,156.4951005,11,0,6,8
Whooping_Crane,1,84,85,1675.700027,597.8541974,-1567.611799,156.4951005,11,0,7,9
Whooping_Crane,1,84,85,1675.700027,597.8541974,-1567.611799,156.4951005,11,0,7,9
Whooping_Crane,1,84,85,1675.700027,597.8541974,-1567.611799,156.4951005,11,0,7,9
Whooping_Crane,1,84,85,1675.700027,597.8541974,-1567.611799,156.4951005,11,0,7,9
Whooping_Crane,1,84,85,1675.700027,597.8541974,-1567.611799,156.4951005,11,0,7,9
Whooping_Crane,1,84,85,1675.700027,597.8541974,-1567.611799,156.4951005,11,0,7,9
Whooping_Crane,1,84,85,1675.700027,597.8541974,-1567.611799,156.4951005,11,0,7,9
Whooping_Crane,1,84,85,1675.700027,597.8541974,-1567.611799,156.4951005,11,0,7,9
Whooping_Crane,1,84,85,1675.700027,597.8541974,-1567.611799,156.4951005,11,0,7,9
Whooping_Crane,1,84,85,1675.700027,597.8541974,-1567.611799,156.4951005,11,0,7,9
Whooping_Crane,1,84,85,1675.700027,597.8541974,-1567.611799,156.4951005,11,0,7,9
Whooping_Crane,1,84,85,1675.700027,597.8541974,-1567.611799,156.4951005,11,0,7,9
Whooping_Crane,1,84,85,1675.700027,597.8541974,-1567.611799,156.4951005,11,0,7,9
Whooping_Crane,1,84,85,1675.700027,597.8541974,-1567.611799,156.4951005,11,0,7,9
Whooping_Crane,1,84,85,1675.700027,597.8541974,-1567.611799,156.4951005,11,0,7,9
Whooping_Crane,1,84,85,1675.700027,597.8541974,-1567.611799,156.4951005,11,0,7,9
Whooping_Crane,1,84,85,1675.700027,597.8541974,-1567.611799,156.4951005,11,0,7,9
Whooping_Crane,1,84,85,1675.700027,597.8541974,-1567.611799,156.4951005,11,0,7,9
Whooping_Crane,1,84,85,1675.700027,597.8541974,-1567.611799,156.4951005,11,0,7,9
Whooping_Crane,1,84,85,1675.700027,597.8541974,-1567.611799,156.4951005,11,0,7,9
Whooping_Crane,1,84,85,1675.700027,597.8541974,-1567.611799,156.4951005,11,0,7,9
Whooping_Crane,1,84,85,1675.700027,597.8541974,-1567.611799,156.4951005,11,0,7,9
Whooping_Crane,1,85,86,879.0340416,-379.00326,793.5113624,335.8679965,11,0,7,9
Whooping_Crane,1,85,86,879.0340416,-379.00326,793.5113624,335.8679965,11,0,7,9
Whooping_Crane,1,85,86,879.0340416,-379.00326,793.5113624,335.8679965,11,0,7,9
Whooping_Crane,1,85,86,879.0340416,-379.00326,793.5113624,335.8679965,12,0,7,9
Whooping_Crane,1,85,86,879.0340416,-379.00326,793.5113624,335.8679965,12,0,7,9
Whooping_Crane,1,85,86,879.0340416,-379.00326,793.5113624,335.8679965,12,0,7,9
Whooping_Crane,1,85,86,879.0340416,-379.00326,793.5113624,335.8679965,12,0,7,9
Whooping_Crane,1,85,86,879.0340416,-379.00326,793.5113624,335.8679965,12,0,7,9
Whooping_Crane,1,87,88,187.772883,-77.5109296,171.0326103,335.9561727,12,0,7,9
Whooping_Crane,1,87,88,187.772883,-77.5109296,171.0326103,335.9561727,12,0,7,9
Whooping_Crane,1,87,88,187.772883,-77.5109296,171.0326103,335.9561727,12,0,7,9
Whooping_Crane,1,87,88,187.772883,-77.5109296,171.0326103,335.9561727,12,0,7,9
Whooping_Crane,1,87,88,187.772883,-77.5109296,171.0326103,335.9561727,12,0,7,9
Whooping_Crane,1,87,88,187.772883,-77.5109296,171.0326103,335.9561727,12,0,7,9
Whooping_Crane,1,88,89,299.2101688,98.91615309,-282.3976623,160.2711254,12,0,7,9
Whooping_Crane,1,88,89,299.2101688,98.91615309,-282.3976623,160.2711254,12,0,7,9
Whooping_Crane,1,88,89,299.2101688,98.91615309,-282.3976623,160.2711254,12,0,7,9
Whooping_Crane,1,88,89,299.2101688,98.91615309,-282.3976623,160.2711254,12,0,7,9
Whooping_Crane,1,88,89,299.2101688,98.91615309,-282.3976623,160.2711254,12,0,7,9
Whooping_Crane,1,88,89,299.2101688,98.91615309,-282.3976623,160.2711254,12,0,7,9
Whooping_Crane,1,92,93,685.670401,-200.603066,655.7771784,343.8675152,12,0,7,9
Whooping_Crane,1,92,93,685.670401,-200.603066,655.7771784,343.8675152,12,0,7,9
Whooping_Crane,1,92,93,685.670401,-200.603066,655.7771784,343.8675152,12,0,7,9
Whooping_Crane,1,92,93,685.670401,-200.603066,655.7771784,343.8675152,12,0,7,9
Whooping_Crane,1,92,93,685.670401,-200.603066,655.7771784,343.8675152,12,0,7,9
Whooping_Crane,1,92,93,685.670401,-200.603066,655.7771784,343.8675152,12,0,7,9
Whooping_Crane,1,92,93,685.670401,-200.603066,655.7771784,343.8675152,12,0,7,9
Whooping_Crane,1,92,93,685.670401,-200.603066,655.7771784,343.8675152,12,0,7,9
Whooping_Crane,1,92,93,685.670401,-200.603066,655.7771784,343.8675152,12,0,7,9
Whooping_Crane,1,92,93,685.670401,-200.603066,655.7771784,343.8675152,12,0,7,9
Whooping_Crane,1,92,93,685.670401,-200.603066,655.7771784,343.8675152,12,0,7,9
Whooping_Crane,1,92,93,685.670401,-200.603066,655.7771784,343.8675152,12,0,7,9
Whooping_Crane,1,92,93,685.670401,-200.603066,655.7771784,343.8675152,12,0,7,9
Whooping_Crane,1,92,93,685.670401,-200.603066,655.7771784,343.8675152,13,0,7,9
Whooping_Crane,1,92,93,685.670401,-200.603066,655.7771784,343.8675152,14,0,7,9
Whooping_Crane,1,93,94,701.4464067,-372.2536627,595.0151095,329.9447592,15,0,7,10
Whooping_Crane,1,95,96,1479.431884,583.5530961,-1361.583619,154.0000488,15,0,7,10
Whooping_Crane,1,95,96,1479.431884,583.5530961,-1361.583619,154.0000488,15,0,7,10
Whooping_Crane,1,95,96,1479.431884,583.5530961,-1361.583619,154.0000488,15,0,7,10
Whooping_Crane,1,95,96,1479.431884,583.5530961,-1361.583619,154.0000488,15,0,7,10
Whooping_Crane,1,95,96,1479.431884,583.5530961,-1361.583619,154.0000488,15,0,7,10
Whooping_Crane,1,95,96,1479.431884,583.5530961,-1361.583619,154.0000488,15,0,7,10
Whooping_Crane,1,95,96,1479.431884,583.5530961,-1361.583619,154.0000488,15,0,7,10
Whooping_Crane,1,95,96,1479.431884,583.5530961,-1361.583619,154.0000488,15,0,7,10
Whooping_Crane,1,95,96,1479.431884,583.5530961,-1361.583619,154.0000488,15,0,7,10
Whooping_Crane,1,95,96,1479.431884,583.5530961,-1361.583619,154.0000488,15,0,7,10
Whooping_Crane,1,95,96,1479.431884,583.5530961,-1361.583619,154.0000488,15,0,7,10
Whooping_Crane,1,95,96,1479.431884,583.5530961,-1361.583619,154.0000488,15,0,7,10
Whooping_Crane,1,95,96,1479.431884,583.5530961,-1361.583619,154.0000488,15,0,7,10
Whooping_Crane,1,95,96,1479.431884,583.5530961,-1361.583619,154.0000488,15,0,7,10
Whooping_Crane,1,95,96,1479.431884,583.5530961,-1361.583619,154.0000488,15,0,7,10
Whooping_Crane,1,95,96,1479.431884,583.5530961,-1361.583619,154.0000488,15,0,7,10
Whooping_Crane,1,95,96,1479.431884,583.5530961,-1361.583619,154.0000488,15,0,7,10
Whooping_Crane,1,95,96,1479.431884,583.5530961,-1361.583619,154.0000488,15,0,7,10
Whooping_Crane,1,95,96,1479.431884,583.5530961,-1361.583619,154.0000488,15,0,7,10
Whooping_Crane,1,95,96,1479.431884,583.5530961,-1361.583619,154.0000488,15,0,7,10
Whooping_Crane,1,95,96,1479.431884,583.5530961,-1361.583619,154.0000488,15,0,7,10
Whooping_Crane,1,95,96,1479.431884,583.5530961,-1361.583619,154.0000488,15,0,7,10
Whooping_Crane,1,95,96,1479.431884,583.5530961,-1361.583619,154.0000488,15,0,7,10
Whooping_Crane,1,95,96,1479.431884,583.5530961,-1361.583619,154.0000488,15,0,7,10
Whooping_Crane,1,95,96,1479.431884,583.5530961,-1361.583619,154.0000488,15,0,7,10
Whooping_Crane,1,95,96,1479.431884,583.5530961,-1361.583619,154.0000488,15,0,7,10
Whooping_Crane,1,95,96,1479.431884,583.5530961,-1361.583619,154.0000488,15,0,7,10
Whooping_Crane,1,95,96,1479.431884,583.5530961,-1361.583619,154.0000488,15,0,7,10
Whooping_Crane,1,95,96,1479.431884,583.5530961,-1361.583619,154.0000488,15,0,7,10
Whooping_Crane,1,95,96,1479.431884,583.5530961,-1361.583619,154.0000488,15,0,7,10
Whooping_Crane,1,95,96,1479.431884,583.5530961,-1361.583619,154.0000488,15,0,7,10
Whooping_Crane,1,95,96,1479.431884,583.5530961,-1361.583619,154.0000488,15,0,7,10
Whooping_Crane,1,95,96,1479.431884,583.5530961,-1361.583619,154.0000488,15,0,7,10
Whooping_Crane,1,95,96,1479.431884,583.5530961,-1361.583619,154.0000488,15,0,7,10
Whooping_Crane,1,100,101,1310.212561,-609.5671099,1161.919049,335.2195853,15,0,7,10
Whooping_Crane,1,100,101,1310.212561,-609.5671099,1161.919049,335.2195853,15,0,7,10
Whooping_Crane,1,100,101,1310.212561,-609.5671099,1161.919049,335.2195853,15,0,7,10
Whooping_Crane,1,100,101,1310.212561,-609.5671099,1161.919049,335.2195853,15,0,7,10
Whooping_Crane,1,100,101,1310.212561,-609.5671099,1161.919049,335.2195853,15,0,7,10
Whooping_Crane,1,100,101,1310.212561,-609.5671099,1161.919049,335.2195853,15,0,7,10
Whooping_Crane,1,100,101,1310.212561,-609.5671099,1161.919049,335.2195853,15,0,7,10
Whooping_Crane,1,100,101,1310.212561,-609.5671099,1161.919049,335.2195853,15,0,7,10
Whooping_Crane,1,100,101,1310.212561,-609.5671099,1161.919049,335.2195853,15,0,7,10
Whooping_Crane,1,100,101,1310.212561,-609.5671099,1161.919049,335.2195853,15,0,7,10
Whooping_Crane,1,100,101,1310.212561,-609.5671099,1161.919049,335.2195853,15,0,7,10
Whooping_Crane,1,100,101,1310.212561,-609.5671099,1161.919049,335.2195853,15,0,7,10
Whooping_Crane,1,100,101,1310.212561,-609.5671099,1161.919049,335.2195853,15,0,7,10
Whooping_Crane,1,100,101,1310.212561,-609.5671099,1161.919049,335.2195853,15,0,7,10
Whooping_Crane,1,100,101,1310.212561,-609.5671099,1161.919049,335.2195853,15,0,7,10
Whooping_Crane,1,100,101,1310.212561,-609.5671099,1161.919049,335.2195853,15,0,7,10
Whooping_Crane,1,100,101,1310.212561,-609.5671099,1161.919049,335.2195853,15,0,7,10
Whooping_Crane,1,100,101,1310.212561,-609.5671099,1161.919049,335.2195853,15,0,7,10
Whooping_Crane,1,100,101,1310.212561,-609.5671099,1161.919049,335.2195853,15,0,7,10
Whooping_Crane,1,100,101,1310.212561,-609.5671099,1161.919049,335.2195853,15,0,7,10
Whooping_Crane,1,100,101,1310.212561,-609.5671099,1161.919049,335.2195853,15,0,7,10
Whooping_Crane,1,100,101,1310.212561,-609.5671099,1161.919049,335.2195853,15,0,7,10
Whooping_Crane,1,100,101,1310.212561,-609.5671099,1161.919049,335.2195853,15,0,7,10
Whooping_Crane,1,100,101,1310.212561,-609.5671099,1161.919049,335.2195853,15,0,7,10
Whooping_Crane,1,100,101,1310.212561,-609.5671099,1161.919049,335.2195853,15,0,7,10
Whooping_Crane,1,100,101,1310.212561,-609.5671099,1161.919049,335.2195853,15,0,7,10
Whooping_Crane,1,100,101,1310.212561,-609.5671099,1161.919049,335.2195853,15,0,7,10
Whooping_Crane,1,100,101,1310.212561,-609.5671099,1161.919049,335.2195853,15,0,7,10
Whooping_Crane,1,100,101,1310.212561,-609.5671099,1161.919049,335.2195853,15,0,7,10
Whooping_Crane,1,100,101,1310.212561,-609.5671099,1161.919049,335.2195853,15,0,7,10
Whooping_Crane,1,100,101,1310.212561,-609.5671099,1161.919049,335.2195853,15,0,7,10
Whooping_Crane,1,102,103,664.9052767,333.9255078,-575.2552818,148.3509107,15,0,7,10
Whooping_Crane,1,102,103,664.9052767,333.9255078,-575.2552818,148.3509107,15,0,7,10
Whooping_Crane,1,102,103,664.9052767,333.9255078,-575.2552818,148.3509107,15,0,7,10
Whooping_Crane,1,102,103,664.9052767,333.9255078,-575.2552818,148.3509107,15,0,7,10
Whooping_Crane,1,102,103,664.9052767,333.9255078,-575.2552818,148.3509107,15,0,7,10
Whooping_Crane,1,102,103,664.9052767,333.9255078,-575.2552818,148.3509107,15,0,7,10
Whooping_Crane,1,102,103,664.9052767,333.9255078,-575.2552818,148.3509107,15,0,7,10
Whooping_Crane,1,102,103,664.9052767,333.9255078,-575.2552818,148.3509107,15,0,7,10
Whooping_Crane,1,102,103,664.9052767,333.9255078,-575.2552818,148.3509107,15,0,7,10
Whooping_Crane,1,102,103,664.9052767,333.9255078,-575.2552818,148.3509107,15,0,7,10
Whooping_Crane,1,102,103,664.9052767,333.9255078,-575.2552818,148.3509107,15,0,7,10
Whooping_Crane,1,102,103,664.9052767,333.9255078,-575.2552818,148.3509107,15,0,7,10
Whooping_Crane,1,102,103,664.9052767,333.9255078,-575.2552818,148.3509107,15,0,7,10
Whooping_Crane,1,102,103,664.9052767,333.9255078,-575.2552818,148.3509107,15,0,7,10
Whooping_Crane,1,102,103,664.9052767,333.9255078,-575.2552818,148.3509107,15,0,7,10
Whooping_Crane,1,102,103,664.9052767,333.9255078,-575.2552818,148.3509107,15,0,7,10
Whooping_Crane,1,102,103,664.9052767,333.9255078,-575.2552818,148.3509107,15,0,7,10
Whooping_Crane,1,102,103,664.9052767,333.9255078,-575.2552818,148.3509107,15,0,7,10
Whooping_Crane,1,102,103,664.9052767,333.9255078,-575.2552818,148.3509107,15,0,7,10
Whooping_Crane,1,102,103,664.9052767,333.9255078,-575.2552818,148.3509107,15,0,7,10
Whooping_Crane,1,103,104,415.3893272,252.6041718,329.8491799,36.36829716,15,0,7,10
Whooping_Crane,1,103,104,415.3893272,252.6041718,329.8491799,36.36829716,15,0,7,10
Whooping_Crane,1,104,105,763.2941153,-595.2387037,478.926745,311.6809219,15,0,7,10
Whooping_Crane,1,104,105,763.2941153,-595.2387037,478.926745,311.6809219,15,0,7,10
Whooping_Crane,1,104,105,763.2941153,-595.2387037,478.926745,311.6809219,15,0,7,10
Whooping_Crane,1,104,105,763.2941153,-595.2387037,478.926745,311.6809219,15,0,7,10
Whooping_Crane,1,104,105,763.2941153,-595.2387037,478.926745,311.6809219,15,0,7,10
Whooping_Crane,1,104,105,763.2941153,-595.2387037,478.926745,311.6809219,15,0,7,10
Whooping_Crane,1,104,105,763.2941153,-595.2387037,478.926745,311.6809219,15,0,7,10
Whooping_Crane,1,104,105,763.2941153,-595.2387037,478.926745,311.6809219,15,0,7,10
Whooping_Crane,1,104,105,763.2941153,-595.2387037,478.926745,311.6809219,15,0,7,10
Whooping_Crane,1,104,105,763.2941153,-595.2387037,478.926745,311.6809219,15,0,7,10
Whooping_Crane,1,104,105,763.2941153,-595.2387037,478.926745,311.6809219,15,0,7,10
Whooping_Crane,1,104,105,763.2941153,-595.2387037,478.926745,311.6809219,15,0,7,10
Whooping_Crane,1,104,105,763.2941153,-595.2387037,478.926745,311.6809219,15,0,7,10
Whooping_Crane,1,104,105,763.2941153,-595.2387037,478.926745,311.6809219,15,0,7,10
Whooping_Crane,1,107,108,1252.232943,403.84596,-1186.079588,159.4342297,15,0,7,10
Whooping_Crane,1,107,108,1252.232943,403.84596,-1186.079588,159.4342297,15,0,7,10
Whooping_Crane,1,107,108,1252.232943,403.84596,-1186.079588,159.4342297,15,0,7,10
Whooping_Crane,1,107,108,1252.232943,403.84596,-1186.079588,159.4342297,15,0,7,10
Whooping_Crane,1,107,108,1252.232943,403.84596,-1186.079588,159.4342297,15,0,7,10
Whooping_Crane,1,107,108,1252.232943,403.84596,-1186.079588,159.4342297,15,0,7,10
Whooping_Crane,1,107,108,1252.232943,403.84596,-1186.079588,159.4342297,15,0,7,10
Whooping_Crane,1,107,108,1252.232943,403.84596,-1186.079588,159.4342297,15,0,7,10
Whooping_Crane,1,107,108,1252.232943,403.84596,-1186.079588,159.4342297,15,0,7,10
Whooping_Crane,1,107,108,1252.232943,403.84596,-1186.079588,159.4342297,15,0,7,10
Whooping_Crane,1,107,108,1252.232943,403.84596,-1186.079588,159.4342297,15,0,7,10
Whooping_Crane,1,107,108,1252.232943,403.84596,-1186.079588,159.4342297,15,0,7,10
Whooping_Crane,1,107,108,1252.232943,403.84596,-1186.079588,159.4342297,15,0,7,10
Whooping_Crane,1,107,108,1252.232943,403.84596,-1186.079588,159.4342297,15,0,7,10
Whooping_Crane,1,107,108,1252.232943,403.84596,-1186.079588,159.4342297,15,0,7,10
Whooping_Crane,1,107,108,1252.232943,403.84596,-1186.079588,159.4342297,15,0,7,10
Whooping_Crane,1,107,108,1252.232943,403.84596,-1186.079588,159.4342297,15,0,7,10
Whooping_Crane,1,107,108,1252.232943,403.84596,-1186.079588,159.4342297,15,0,7,10
Whooping_Crane,1,107,108,1252.232943,403.84596,-1186.079588,159.4342297,15,0,7,10
Whooping_Crane,1,107,108,1252.232943,403.84596,-1186.079588,159.4342297,15,0,7,10
Whooping_Crane,1,107,108,1252.232943,403.84596,-1186.079588,159.4342297,15,0,7,10
Whooping_Crane,1,107,108,1252.232943,403.84596,-1186.079588,159.4342297,15,0,7,10
Whooping_Crane,1,107,108,1252.232943,403.84596,-1186.079588,159.4342297,15,0,7,10
Whooping_Crane,1,107,108,1252.232943,403.84596,-1186.079588,159.4342297,15,0,7,10
Whooping_Crane,1,108,109,573.6832965,-88.48334003,566.8332177,351.466291,15,0,7,10
Whooping_Crane,1,109,110,1206.453136,-572.0100237,1064.038654,334.53962,15,0,7,10
Whooping_Crane,1,109,110,1206.453136,-572.0100237,1064.038654,334.53962,15,0,7,10
Whooping_Crane,1,109,110,1206.453136,-572.0100237,1064.038654,334.53962,15,0,7,10
Whooping_Crane,1,109,110,1206.453136,-572.0100237,1064.038654,334.53962,15,0,7,10
Whooping_Crane,1,109,110,1206.453136,-572.0100237,1064.038654,334.53962,15,0,7,10
Whooping_Crane,1,109,110,1206.453136,-572.0100237,1064.038654,334.53962,15,0,8,11
Whooping_Crane,1,109,110,1206.453136,-572.0100237,1064.038654,334.53962,15,0,9,12
Whooping_Crane,1,109,110,1206.453136,-572.0100237,1064.038654,334.53962,15,0,10,13
Whooping_Crane,1,109,110,1206.453136,-572.0100237,1064.038654,334.53962,15,0,11,14
Whooping_Crane,1,109,110,1206.453136,-572.0100237,1064.038654,334.53962,15,0,12,15
Whooping_Crane,1,109,110,1206.453136,-572.0100237,1064.038654,334.53962,15,0,13,16
Whooping_Crane,1,109,110,1206.453136,-572.0100237,1064.038654,334.53962,15,0,14,17
Whooping_Crane,1,109,110,1206.453136,-572.0100237,1064.038654,334.53962,15,0,14,17
Whooping_Crane,1,109,110,1206.453136,-572.0100237,1064.038654,334.53962,15,0,14,17
Whooping_Crane,1,109,110,1206.453136,-572.0100237,1064.038654,334.53962,15,0,14,17
Whooping_Crane,1,109,110,1206.453136,-572.0100237,1064.038654,334.53962,15,0,14,17
Whooping_Crane,1,109,110,1206.453136,-572.0100237,1064.038654,334.53962,15,0,14,17
Whooping_Crane,1,109,110,1206.453136,-572.0100237,1064.038654,334.53962,15,0,14,17
Whooping_Crane,1,109,110,1206.453136,-572.0100237,1064.038654,334.53962,15,0,14,17
Whooping_Crane,1,109,110,1206.453136,-572.0100237,1064.038654,334.53962,15,0,14,17
Whooping_Crane,1,109,110,1206.453136,-572.0100237,1064.038654,334.53962,15,0,14,17
Whooping_Crane,1,109,110,1206.453136,-572.0100237,1064.038654,334.53962,15,0,14,17
Whooping_Crane,1,109,110,1206.453136,-572.0100237,1064.038654,334.53962,15,0,14,17
Whooping_Crane,1,109,110,1206.453136,-572.0100237,1064.038654,334.53962,15,0,14,17
Whooping_Crane,1,112,113,487.3466416,66.19623808,-482.8390806,171.8858167,15,0,14,17
Whooping_Crane,1,112,113,487.3466416,66.19623808,-482.8390806,171.8858167,15,0,14,17
Whooping_Crane,1,112,113,487.3466416,66.19623808,-482.8390806,171.8858167,15,0,14,17
Whooping_Crane,1,112,113,487.3466416,66.19623808,-482.8390806,171.8858167,15,0,14,17
Whooping_Crane,1,112,113,487.3466416,66.19623808,-482.8390806,171.8858167,15,0,14,17
Whooping_Crane,1,112,113,487.3466416,66.19623808,-482.8390806,171.8858167,15,0,14,17
Whooping_Crane,1,112,113,487.3466416,66.19623808,-482.8390806,171.8858167,15,0,14,17
Whooping_Crane,1,112,113,487.3466416,66.19623808,-482.8390806,171.8858167,15,0,14,17
Whooping_Crane,1,112,113,487.3466416,66.19623808,-482.8390806,171.8858167,15,0,14,17
Whooping_Crane,1,112,113,487.3466416,66.19623808,-482.8390806,171.8858167,15,0,14,17
Whooping_Crane,1,112,113,487.3466416,66.19623808,-482.8390806,171.8858167,15,0,14,17
Whooping_Crane,1,112,113,487.3466416,66.19623808,-482.8390806,171.8858167,15,0,14,17
Whooping_Crane,1,112,113,487.3466416,66.19623808,-482.8390806,171.8858167,15,0,14,17
Whooping_Crane,1,117,118,1024.412509,-235.2667958,997.2223183,347.6450824,15,0,14,17
Whooping_Crane,1,117,118,1024.412509,-235.2667958,997.2223183,347.6450824,15,0,14,17
Whooping_Crane,1,117,118,1024.412509,-235.2667958,997.2223183,347.6450824,15,0,14,17
Whooping_Crane,1,117,118,1024.412509,-235.2667958,997.2223183,347.6450824,15,0,14,17
Whooping_Crane,1,117,118,1024.412509,-235.2667958,997.2223183,347.6450824,15,0,14,17
Whooping_Crane,1,117,118,1024.412509,-235.2667958,997.2223183,347.6450824,15,0,14,17
Whooping_Crane,1,117,118,1024.412509,-235.2667958,997.2223183,347.6450824,15,0,14,17
Whooping_Crane,1,117,118,1024.412509,-235.2667958,997.2223183,347.6450824,15,0,14,17
Whooping_Crane,1,117,118,1024.412509,-235.2667958,997.2223183,347.6450824,15,0,14,17
Whooping_Crane,1,117,118,1024.412509,-235.2667958,997.2223183,347.6450824,15,0,14,17
Whooping_Crane,1,118,119,355.637357,-110.2482223,338.136945,342.4779918,15,0,14,17
Whooping_Crane,1,118,119,355.637357,-110.2482223,338.136945,342.4779918,15,0,14,17
Whooping_Crane,1,120,121,2767.310946,750.2293939,-2668.678239,161.2356196,15,0,14,17
Whooping_Crane,1,120,121,2767.310946,750.2293939,-2668.678239,161.2356196,15,0,14,17
Whooping_Crane,1,120,121,2767.310946,750.2293939,-2668.678239,161.2356196,15,0,14,17
Whooping_Crane,1,120,121,2767.310946,750.2293939,-2668.678239,161.2356196,15,0,14,17
Whooping_Crane,1,120,121,2767.310946,750.2293939,-2668.678239,161.2356196,15,0,14,17
Whooping_Crane,1,120,121,2767.310946,750.2293939,-2668.678239,161.2356196,15,0,14,17
Whooping_Crane,1,120,121,2767.310946,750.2293939,-2668.678239,161.2356196,15,0,14,17
Whooping_Crane,1,120,121,2767.310946,750.2293939,-2668.678239,161.2356196,15,0,14,17
Whooping_Crane,1,120,121,2767.310946,750.2293939,-2668.678239,161.2356196,15,0,14,17
Whooping_Crane,1,120,121,2767.310946,750.2293939,-2668.678239,161.2356196,15,0,14,17
Whooping_Crane,1,120,121,2767.310946,750.2293939,-2668.678239,161.2356196,15,0,14,17
Whooping_Crane,1,120,121,2767.310946,750.2293939,-2668.678239,161.2356196,15,0,14,17
Whooping_Crane,1,120,121,2767.310946,750.2293939,-2668.678239,161.2356196,15,0,14,17
Whooping_Crane,1,120,121,2767.310946,750.2293939,-2668.678239,161.2356196,15,0,14,17
Whooping_Crane,1,120,121,2767.310946,750.2293939,-2668.678239,161.2356196,15,0,14,17
Whooping_Crane,1,120,121,2767.310946,750.2293939,-2668.678239,161.2356196,15,0,14,17
Whooping_Crane,1,120,121,2767.310946,750.2293939,-2668.678239,161.2356196,15,0,14,17
Whooping_Crane,1,120,121,2767.310946,750.2293939,-2668.678239,161.2356196,15,0,14,17
Whooping_Crane,1,120,121,2767.310946,750.2293939,-2668.678239,161.2356196,15,0,14,17
Whooping_Crane,1,120,121,2767.310946,750.2293939,-2668.678239,161.2356196,15,0,14,17
Whooping_Crane,1,120,121,2767.310946,750.2293939,-2668.678239,161.2356196,15,0,14,17
Whooping_Crane,1,120,121,2767.310946,750.2293939,-2668.678239,161.2356196,15,0,14,17
Whooping_Crane,1,120,121,2767.310946,750.2293939,-2668.678239,161.2356196,15,0,14,17
Whooping_Crane,1,120,121,2767.310946,750.2293939,-2668.678239,161.2356196,15,0,14,17
Whooping_Crane,1,120,121,2767.310946,750.2293939,-2668.678239,161.2356196,15,0,14,17
Whooping_Crane,1,120,121,2767.310946,750.2293939,-2668.678239,161.2356196,15,0,14,17
Whooping_Crane,1,120,121,2767.310946,750.2293939,-2668.678239,161.2356196,15,0,14,17
Whooping_Crane,1,120,121,2767.310946,750.2293939,-2668.678239,161.2356196,15,0,14,17
Whooping_Crane,1,120,121,2767.310946,750.2293939,-2668.678239,161.2356196,15,0,14,17
Whooping_Crane,1,120,121,2767.310946,750.2293939,-2668.678239,161.2356196,15,0,14,17
Whooping_Crane,1,120,121,2767.310946,750.2293939,-2668.678239,161.2356196,15,0,14,17
Whooping_Crane,1,120,121,2767.310946,750.2293939,-2668.678239,161.2356196,15,0,14,17
Whooping_Crane,1,120,121,2767.310946,750.2293939,-2668.678239,161.2356196,15,0,14,17
Whooping_Crane,1,120,121,2767.310946,750.2293939,-2668.678239,161.2356196,15,0,14,17
Whooping_Crane,1,120,121,2767.310946,750.2293939,-2668.678239,161.2356196,15,0,14,17
Whooping_Crane,1,120,121,2767.310946,750.2293939,-2668.678239,161.2356196,15,0,14,17
Whooping_Crane,1,120,121,2767.310946,750.2293939,-2668.678239,161.2356196,15,0,14,17
Whooping_Crane,1,120,121,2767.310946,750.2293939,-2668.678239,161.2356196,15,0,14,17
Whooping_Crane,1,120,121,2767.310946,750.2293939,-2668.678239,161.2356196,15,0,14,17
Whooping_Crane,1,120,121,2767.310946,750.2293939,-2668.678239,161.2356196,15,0,14,17
Whooping_Crane,1,120,121,2767.310946,750.2293939,-2668.678239,161.2356196,15,0,14,17
Whooping_Crane,1,120,121,2767.310946,750.2293939,-2668.678239,161.2356196,15,0,14,17
Whooping_Crane,1,120,121,2767.310946,750.2293939,-2668.678239,161.2356196,15,0,14,17
Whooping_Crane,1,120,121,2767.310946,750.2293939,-2668.678239,161.2356196,15,0,14,17
Whooping_Crane,1,120,121,2767.310946,750.2293939,-2668.678239,161.2356196,15,0,14,17
Whooping_Crane,1,120,121,2767.310946,750.2293939,-2668.678239,161.2356196,15,0,14,17
Whooping_Crane,1,120,121,2767.310946,750.2293939,-2668.678239,161.2356196,15,0,14,17
Whooping_Crane,1,120,121,2767.310946,750.2293939,-2668.678239,161.2356196,15,0,14,17
Whooping_Crane,1,120,121,2767.310946,750.2293939,-2668.678239,161.2356196,15,0,14,17
Whooping_Crane,1,120,121,2767.310946,750.2293939,-2668.678239,161.2356196,15,0,14,17
Whooping_Crane,1,120,121,2767.310946,750.2293939,-2668.678239,161.2356196,15,0,14,17
Whooping_Crane,1,120,121,2767.310946,750.2293939,-2668.678239,161.2356196,15,0,14,17
Whooping_Crane,1,120,121,2767.310946,750.2293939,-2668.678239,161.2356196,15,0,14,17
Whooping_Crane,1,120,121,2767.310946,750.2293939,-2668.678239,161.2356196,15,0,14,17
Whooping_Crane,1,120,121,2767.310946,750.2293939,-2668.678239,161.2356196,15,0,14,17
Whooping_Crane,1,120,121,2767.310946,750.2293939,-2668.678239,161.2356196,15,0,14,17
Whooping_Crane,1,120,121,2767.310946,750.2293939,-2668.678239,161.2356196,15,0,14,17
Whooping_Crane,1,120,121,2767.310946,750.2293939,-2668.678239,161.2356196,15,0,14,17
Whooping_Crane,1,120,121,2767.310946,750.2293939,-2668.678239,161.2356196,15,0,14,17
Whooping_Crane,1,120,121,2767.310946,750.2293939,-2668.678239,161.2356196,15,0,14,17
Whooping_Crane,1,120,121,2767.310946,750.2293939,-2668.678239,161.2356196,15,0,14,17
Whooping_Crane,1,120,121,2767.310946,750.2293939,-2668.678239,161.2356196,15,0,14,17
Whooping_Crane,1,120,121,2767.310946,750.2293939,-2668.678239,161.2356196,15,0,14,17
Whooping_Crane,1,120,121,2767.310946,750.2293939,-2668.678239,161.2356196,15,0,14,17
Whooping_Crane,1,120,121,2767.310946,750.2293939,-2668.678239,161.2356196,15,0,14,17
Whooping_Crane,1,120,121,2767.310946,750.2293939,-2668.678239,161.2356196,15,0,14,17
Whooping_Crane,1,120,121,2767.310946,750.2293939,-2668.678239,161.2356196,15,0,14,17
Whooping_Crane,1,120,121,2767.310946,750.2293939,-2668.678239,161.2356196,15,0,14,17
Whooping_Crane,1,120,121,2767.310946,750.2293939,-2668.678239,161.2356196,15,0,14,17
Whooping_Crane,1,120,121,2767.310946,750.2293939,-2668.678239,161.2356196,15,0,14,17
Whooping_Crane,1,120,121,2767.310946,750.2293939,-2668.678239,161.2356196,15,0,14,17
Whooping_Crane,1,120,121,2767.310946,750.2293939,-2668.678239,161.2356196,15,0,14,17
Whooping_Crane,1,120,121,2767.310946,750.2293939,-2668.678239,161.2356196,15,0,14,17
Whooping_Crane,1,120,121,2767.310946,750.2293939,-2668.678239,161.2356196,15,0,14,17
Whooping_Crane,1,120,121,2767.310946,750.2293939,-2668.678239,161.2356196,15,0,14,17
Whooping_Crane,1,120,121,2767.310946,750.2293939,-2668.678239,161.2356196,15,0,14,17
Whooping_Crane,1,120,121,2767.310946,750.2293939,-2668.678239,161.2356196,15,0,14,17
Whooping_Crane,1,120,121,2767.310946,750.2293939,-2668.678239,161.2356196,15,0,14,17
Whooping_Crane,1,120,121,2767.310946,750.2293939,-2668.678239,161.2356196,15,1,14,18
Whooping_Crane,1,120,121,2767.310946,750.2293939,-2668.678239,161.2356196,15,1,14,18
Whooping_Crane,1,120,121,2767.310946,750.2293939,-2668.678239,161.2356196,15,1,14,18
Whooping_Crane,1,120,121,2767.310946,750.2293939,-2668.678239,161.2356196,15,1,14,18
Whooping_Crane,1,120,121,2767.310946,750.2293939,-2668.678239,161.2356196,15,1,14,18
Whooping_Crane,1,120,121,2767.310946,750.2293939,-2668.678239,161.2356196,15,1,14,18
Whooping_Crane,1,120,121,2767.310946,750.2293939,-2668.678239,161.2356196,15,1,14,18
Whooping_Crane,1,120,121,2767.310946,750.2293939,-2668.678239,161.2356196,15,1,14,18
Whooping_Crane,1,120,121,2767.310946,750.2293939,-2668.678239,161.2356196,15,1,14,18
Whooping_Crane,1,120,121,2767.310946,750.2293939,-2668.678239,161.2356196,15,1,14,18
Whooping_Crane,1,120,121,2767.310946,750.2293939,-2668.678239,161.2356196,15,1,14,18
Whooping_Crane,1,120,121,2767.310946,750.2293939,-2668.678239,161.2356196,15,1,14,18
Whooping_Crane,1,120,121,2767.310946,750.2293939,-2668.678239,161.2356196,15,1,14,18
Whooping_Crane,1,120,121,2767.310946,750.2293939,-2668.678239,161.2356196,15,1,14,18
Whooping_Crane,1,120,121,2767.310946,750.2293939,-2668.678239,161.2356196,15,1,14,18
Whooping_Crane,1,120,121,2767.310946,750.2293939,-2668.678239,161.2356196,15,1,14,18
Whooping_Crane,1,120,121,2767.310946,750.2293939,-2668.678239,161.2356196,15,1,14,18
Whooping_Crane,1,120,121,2767.310946,750.2293939,-2668.678239,161.2356196,15,1,14,18
Whooping_Crane,1,120,121,2767.310946,750.2293939,-2668.678239,161.2356196,15,1,14,18
Whooping_Crane,1,120,121,2767.310946,750.2293939,-2668.678239,161.2356196,15,1,14,18
Whooping_Crane,1,120,121,2767.310946,750.2293939,-2668.678239,161.2356196,15,1,14,18
Whooping_Crane,1,120,121,2767.310946,750.2293939,-2668.678239,161.2356196,15,1,14,18
Whooping_Crane,1,120,121,2767.310946,750.2293939,-2668.678239,161.2356196,15,1,14,18
Whooping_Crane,1,120,121,2767.310946,750.2293939,-2668.678239,161.2356196,15,1,14,18
Whooping_Crane,1,120,121,2767.310946,750.2293939,-2668.678239,161.2356196,15,1,14,18
Whooping_Crane,1,120,121,2767.310946,750.2293939,-2668.678239,161.2356196,15,1,14,18
Whooping_Crane,1,120,121,2767.310946,750.2293939,-2668.678239,161.2356196,15,1,14,18
Whooping_Crane,1,120,121,2767.310946,750.2293939,-2668.678239,161.2356196,15,1,14,18
Whooping_Crane,1,120,121,2767.310946,750.2293939,-2668.678239,161.2356196,15,1,14,18
Whooping_Crane,1,120,121,2767.310946,750.2293939,-2668.678239,161.2356196,15,1,14,18
Whooping_Crane,1,120,121,2767.310946,750.2293939,-2668.678239,161.2356196,15,1,14,18
Whooping_Crane,1,120,121,2767.310946,750.2293939,-2668.678239,161.2356196,15,1,14,18
Whooping_Crane,1,120,121,2767.310946,750.2293939,-2668.678239,161.2356196,15,1,14,18
Whooping_Crane,1,120,121,2767.310946,750.2293939,-2668.678239,161.2356196,15,1,14,18
Whooping_Crane,1,120,121,2767.310946,750.2293939,-2668.678239,161.2356196,15,1,14,18
Whooping_Crane,1,120,121,2767.310946,750.2293939,-2668.678239,161.2356196,15,1,14,18
Whooping_Crane,1,120,121,2767.310946,750.2293939,-2668.678239,161.2356196,15,1,14,18
Whooping_Crane,1,120,121,2767.310946,750.2293939,-2668.678239,161.2356196,15,1,14,18
Whooping_Crane,1,120,121,2767.310946,750.2293939,-2668.678239,161.2356196,15,1,14,18
Whooping_Crane,1,120,121,2767.310946,750.2293939,-2668.678239,161.2356196,15,1,14,18
Whooping_Crane,1,120,121,2767.310946,750.2293939,-2668.678239,161.2356196,15,1,14,18
Whooping_Crane,1,120,121,2767.310946,750.2293939,-2668.678239,161.2356196,15,1,14,18
Whooping_Crane,1,120,121,2767.310946,750.2293939,-2668.678239,161.2356196,15,1,14,18
Whooping_Crane,1,120,121,2767.310946,750.2293939,-2668.678239,161.2356196,15,1,14,18
Whooping_Crane,1,120,121,2767.310946,750.2293939,-2668.678239,161.2356196,15,1,14,18
Whooping_Crane,1,120,121,2767.310946,750.2293939,-2668.678239,161.2356196,15,1,14,18
Whooping_Crane,1,120,121,2767.310946,750.2293939,-2668.678239,161.2356196,15,2,14,19
Whooping_Crane,1,120,121,2767.310946,750.2293939,-2668.678239,161.2356196,15,2,14,19
Whooping_Crane,1,120,121,2767.310946,750.2293939,-2668.678239,161.2356196,15,2,14,19
Whooping_Crane,1,120,121,2767.310946,750.2293939,-2668.678239,161.2356196,15,2,14,19
Whooping_Crane,1,120,121,2767.310946,750.2293939,-2668.678239,161.2356196,15,2,14,19
Whooping_Crane,1,120,121,2767.310946,750.2293939,-2668.678239,161.2356196,15,2,14,19
Whooping_Crane,1,120,121,2767.310946,750.2293939,-2668.678239,161.2356196,15,2,14,19
Whooping_Crane,1,120,121,2767.310946,750.2293939,-2668.678239,161.2356196,15,2,14,19
Whooping_Crane,1,120,121,2767.310946,750.2293939,-2668.678239,161.2356196,15,2,14,19
Whooping_Crane,1,120,121,2767.310946,750.2293939,-2668.678239,161.2356196,15,2,14,19
Whooping_Crane,1,120,121,2767.310946,750.2293939,-2668.678239,161.2356196,15,2,14,19
Whooping_Crane,1,120,121,2767.310946,750.2293939,-2668.678239,161.2356196,15,2,14,19
Whooping_Crane,1,120,121,2767.310946,750.2293939,-2668.678239,161.2356196,15,2,14,19
Whooping_Crane,1,120,121,2767.310946,750.2293939,-2668.678239,161.2356196,15,2,14,19
Whooping_Crane,1,120,121,2767.310946,750.2293939,-2668.678239,161.2356196,15,2,14,19
Whooping_Crane,1,120,121,2767.310946,750.2293939,-2668.678239,161.2356196,15,2,14,19
Whooping_Crane,1,120,121,2767.310946,750.2293939,-2668.678239,161.2356196,15,2,14,19
Whooping_Crane,1,120,121,2767.310946,750.2293939,-2668.678239,161.2356196,15,2,14,19
Whooping_Crane,1,120,121,2767.310946,750.2293939,-2668.678239,161.2356196,15,2,14,19
Whooping_Crane,1,120,121,2767.310946,750.2293939,-2668.678239,161.2356196,15,2,14,19
Whooping_Crane,1,120,121,2767.310946,750.2293939,-2668.678239,161.2356196,15,2,14,19
Whooping_Crane,1,120,121,2767.310946,750.2293939,-2668.678239,161.2356196,15,2,14,19
Whooping_Crane,1,120,121,2767.310946,750.2293939,-2668.678239,161.2356196,15,2,14,19
Whooping_Crane,1,120,121,2767.310946,750.2293939,-2668.678239,161.2356196,15,2,14,19
Whooping_Crane,1,120,121,2767.310946,750.2293939,-2668.678239,161.2356196,15,2,14,19
Whooping_Crane,1,120,121,2767.310946,750.2293939,-2668.678239,161.2356196,15,2,14,19
Whooping_Crane,1,120,121,2767.310946,750.2293939,-2668.678239,161.2356196,15,2,14,19
Whooping_Crane,1,120,121,2767.310946,750.2293939,-2668.678239,161.2356196,15,2,14,19
Whooping_Crane,1,120,121,2767.310946,750.2293939,-2668.678239,161.2356196,15,2,14,19
Whooping_Crane,1,120,121,2767.310946,750.2293939,-2668.678239,161.2356196,15,2,14,19
Whooping_Crane,1,120,121,2767.310946,750.2293939,-2668.678239,161.2356196,15,2,14,19
Whooping_Crane,1,120,121,2767.310946,750.2293939,-2668.678239,161.2356196,15,2,14,19
Whooping_Crane,1,120,121,2767.310946,750.2293939,-2668.678239,161.2356196,15,2,14,19
Whooping_Crane,1,120,121,2767.310946,750.2293939,-2668.678239,161.2356196,15,2,14,19
Whooping_Crane,1,120,121,2767.310946,750.2293939,-2668.678239,161.2356196,15,2,14,19
Whooping_Crane,1,120,121,2767.310946,750.2293939,-2668.678239,161.2356196,15,2,14,19
Whooping_Crane,1,120,121,2767.310946,750.2293939,-2668.678239,161.2356196,15,3,14,20
Whooping_Crane,1,120,121,2767.310946,750.2293939,-2668.678239,161.2356196,15,3,14,20
Whooping_Crane,1,120,121,2767.310946,750.2293939,-2668.678239,161.2356196,15,3,14,20
Whooping_Crane,1,120,121,2767.310946,750.2293939,-2668.678239,161.2356196,15,3,14,20
Whooping_Crane,1,120,121,2767.310946,750.2293939,-2668.678239,161.2356196,15,3,14,20
Whooping_Crane,1,120,121,2767.310946,750.2293939,-2668.678239,161.2356196,15,3,14,20
